NUVA,label,comment,shorthand,parent
VAL000,Parent for deprecated valences,,ZZZ,Valence
VAL001,"Influenza valence, trivalent, live attenuated, standard dose",,INF-L3,VAL140
VAL002,"Typhoid valence, conjugated, Vi polysaccharide antigen linked to a carrier protein",,Ty-ViC,VAL014
VAL003,"Pertussis valence, unspecified",,Per,Valence
VAL004,"Cholera valence, inactivated, whole-cell, injectable",,CHOL-I-I,VAL359
VAL005,"Measles valence, live attenuated",,MEAS-LA,VAL182
VAL006,"Brucella valence, unspecified",,Bruc,Valence
VAL007,"Ebola valence, replicating vector, recombinant vesicular stomatitis virus (rVSV) - EBOV GP glycoprotein",,rVSVdG-ZEBOV-GP,VAL126
VAL008,"Pertussis  valence, acellular, standard dose",,aP,VAL117
VAL009,"Malaria valence, sporozoite surface protein",,Mala-SPO,VAL025
VAL010,"Pertussis valence, inactivated, whole-cell",,wP,VAL003
VAL011,"COVID-19 valence, protein subunit, recombinant spike protein (RBD)",,COVID-PS-rRBD,VAL104
VAL012,"Hepatitis B valence, recombinant Hepatitis B virus surface antigen (HBsAg), 40 micrograms (dialysis patient dosage)",,rHBsAg-40,VAL090
VAL013,"Shingles valence, varicella zoster virus (VZV) surface glycoprotein E (gE)",,Shingles-gE,VAL159
VAL014,"Typhoid valence, unspecified",,Ty,Valence
VAL015,"Influenza valence, trivalent, inactivated, split or subunit, intramuscular or subcutaneous route, non-adjuvanted, normal dose",,INF-SUnd3,VAL122
VAL016,"Rabies valence, immunoglobulin, unspecified",,RIG,Valence
VAL017,"Pertussis valence, acellular, reduced dose",,ap,VAL117
VAL018,"Smallpox valence, third generation, minimally replicating live vaccinia virus",,POX-3G-LC16,VAL028
VAL019,"Diphtheria valence, antitoxin",,DATx,VAL414
VAL020,"Herpes zoster valence, live attenuated",,Shingles-LA,VAL160
VAL021,"Cholera valence, inactivated, whole-cell, oral",,CHOL-I-O,VAL359
VAL022,"Smallpox valence, live attenuated, unspecified",,POX-LA,VAL418
VAL023,"Influenza valence, trivalent, inactivated, split or subunit, intradermal route, unspecified",,INF-SUid3,VAL024
VAL024,"Influenza valence, trivalent, inactivated, split or subunit, unspecified",,INF-SU3,VAL058
VAL025,"Malaria valence, unspecified",,Mala,Valence
VAL026,"Meningococcal valence B:14:P1.7,16 outer membrane vesicle proteins",,MenB-OMP,VAL118
VAL027,"COVID-19 valence, non-replicating adenovirus 26 vector encoding the SARS-CoV-2 spike protein",,COVID-VVnr-S-Ad26,VAL070
VAL028,"Smallpox valence, third-generation, live attenuated",,POX-3G,VAL022
VAL029,"Influenza valence, VLP, unspecified",,INF-VLP,VAL364
VAL030,"Borrelia burgdorferi valence, recombinant, outer surface protein A (OspA)",,Lyme-OspA,VAL339
VAL031,"Tick-borne encephalitis valence, unspecified",,TBE,Valence
VAL032,"Typhoid valence, unconjugated Vi polysaccharide antigen",,Ty-ViPS,VAL014
VAL033,"Polio type 2 valence, monovalent, live attenuated, oral",,mOPV2,VAL133
VAL034,"Diphtheria valence, toxoid, reduced dose",,d,VAL083
VAL035,"COVID-19 valence, plasmid DNA encoding the SARS-CoV-2 spike protein",,COVID-DNA-S,VAL164
VAL036,"Human Papillomavirus valence, VLP nonavalent, types 6, 11, 16, 18, 31, 33, 45, 52, 58",,HPV-09-valent,VAL237
VAL037,"Meningococcal A valence, unconjugated polysaccharide",,MPV-A,VAL297
VAL038,"COVID-19 valence, replicating measles virus vector encoding the SARS-CoV-2 spike protein",,COVID-VVr-S-Meas,VAL398
VAL039,"COVID-19 valence, VLP, recombinant spike protein",,COVID-VLP-rS,VAL164
VAL040,"Influenza valence, quadrivalent, inactivated, split or subunit, intramuscular or subcutaneous route, non-adjuvanted, normal dose",,INF-SUnd4,VAL064
VAL041,"Meningococcal A valence, polysaccharide conjugate",,MCV-A,VAL297
VAL042,"Polio valence, unspecified",,POLIO,Valence
VAL043,"COVID-19 valence, mRNA encoding the SARS-CoV-2 spike protein, authorized",,COVID-mRNA-S,VAL168
VAL044,"Varicella valence, live attenuated, unspecified",,VZV-LA,Valence
VAL045,"Paratyphoid fever valence, inactivated, whole-cell",,pTy-I,VAL014
VAL046,Typhus valence,,Typhus,Valence
VAL047,"Hepatitis B valence, immunoglobulin",,IgHepB,Valence
VAL048,"Mumps valence, inactivated, whole-virus",,MUMPS-I,VAL183
VAL049,"Haemophilus influenzae type b valence, unconjugated PRP",,Hib-PS,VAL177
VAL050,"COVID-19 valence, non-replicating adenovirus 5 vector encoding the SARS-CoV-2 spike protein, unspecified",,COVID-VVnr-S-Ad5,VAL070
VAL051,Avian influenza A(H5N1) valence,,AH5N1,VAL386
VAL052,"Human Papillomavirus valence, VLP quadrivalent, types 6, 11, 16 and 18",,HPV-04-valent,VAL237
VAL053,"COVID-19 valence, protein subunit, unspecified",,COVID-PS,VAL164
VAL054,"COVID-19 valence, non-replicating modified Ankara vaccine vector encoding the SARS-CoV-2 spike protein",,COVID-VVnr-S-MVA,VAL397
VAL055,"Measles valence, immunoglobulin",,MEAS-Ig,VAL447
VAL056,"Polio valence, trivalent, inactivated, whole-virus, injectable",,IPV,VAL042
VAL057,"Meningococcal C valence, polysaccharide conjugate",,MCV-C,VAL298
VAL058,"Influenza valence, Inactivated, split or subunit, unspecified",,INF-SU,VAL365
VAL059,"Influenza valence, quadrivalent, live attenuated, standard dose",,INF-L4,VAL140
VAL060,"Chikungunya virus valence, live attenuated",,CHIK-LA,VAL390
VAL061,"COVID-19 valence, protein subunit, recombinant spike protein, S-2P and CpG1018",,COVID-PS-CpG1018,VAL104
VAL062,"Cholera valence, protein subunit, recombinant cholera toxin subunit B (rCTB)",,CHOL-SU-rCTB-O,VAL021
VAL063,"Botulism valence, antitoxin",,BAT,VAL420
VAL064,"Influenza valence, quadrivalent, inactivated, split or subunit, intramuscular or subcutaneous route, non-adjuvanted",,INF-SUNA4,VAL127
VAL065,"Dengue valence, live attenuated, tetravalent recombinant chimeric ",,RC-TDV,VAL150
VAL066,"COVID-19 valence, replicating influenza virus vector encoding the SARS-CoV-2 spike protein",,COVID-VVr-S-Influ,VAL398
VAL067,"Tetanus valence, toxoid",,T,Valence
VAL068,"Hepatitis B valence, unspecified",,HepB,Valence
VAL069,"COVID-19 valence, non-replicating chimpanzee adenoviral vector ChAdOx1 encoding the SARS-CoV-2 spike protein",,COVID-VVnr-S-ChAdOx1,VAL397
VAL070,"COVID-19 valence, non-replicating adenoviral vector encoding the SARS-CoV-2 spike protein, unspecified",,COVID-VVnr-S-Ad,VAL397
VAL071,"Typhoid valence, inactivated, whole-cell",,Ty-I,VAL014
VAL072,"Meningococcal B valence, containing fHbp of subfamilies A and B",,MenB-fHbpAB,VAL161
VAL073,"COVID-19 valence, replicating viral vector, antigen presenting cells",,COVID-VVr+APC,VAL162
VAL074,"Influenza valence, quadrivalent, inactivated, split or subunit, high-dose",,INF-SUhd4,VAL064
VAL075,"Leptospira icterohaemorrhagiae valence, inactivated, whole-cell",,Lepto-wI,VAL448
VAL076,"COVID-19 valence, inactivated, whole-virion, unspecified",,COVID-IV,VAL164
VAL077,"Mumps valence, live attenuated",,MUMPS-LA,VAL183
VAL078,"Meningococcal Y valence, polysaccharide conjugate",,MCV-Y,VAL299
VAL079,"Rubella valence, live attenuated",,Rub-LA,Valence
VAL080,"Rabies valence, inactivated, whole virion, unspecified",,Rab-I,Valence
VAL081,"Cholera valence, unspecified",,CHOL,Valence
VAL082,"Human Papillomavirus valence, types unspecified",,HPV,Valence
VAL083,"Diphtheria valence, toxoid, dose unspecified",,D-d,VAL414
VAL084,"COVID-19 valence, replicating vesicular stomatitis virus vector encoding the SARS-CoV-2 spike protein",,COVID-VVr-S-VSV,VAL398
VAL085,"Polio type 3 valence, monovalent, live attenuated, oral",,mOPV3,VAL133
VAL086,"COVID-19 valence, live attenuated, unspecified",,COVID-LA,VAL165
VAL087,"Dengue valence, live attenuated, tetravalent chimeric recombinant based on the yellow fever 17D vaccine",,CYD-TDV,VAL150
VAL088,"Varicella valence, immunoglobulin",,VZV-Ig,Valence
VAL089,"Japanese encephalitis valence, inactivated, whole-virus, unspecified",,JE-I,VAL249
VAL090,"Hepatitis B valence, recombinant Hepatitis B virus surface antigen (HBsAg), dose unspecified",,rHBsAg,VAL068
VAL091,"Typhoid valence, live attenuated, strain Ty21a, oral",,Ty-LA-O,VAL014
VAL092,"Yellow fever valence, live attenuated",,YF,Valence
VAL093,"Measles valence, inactivated, whole-virus",,MEAS-I,VAL182
VAL094,"Influenza valence, trivalent, inactivated, fractionated or subunit, intramuscular or subcutaneous, non-adjuvanted, high dose",,INF-SUhd3,VAL122
VAL095,"COVID-19 valence, replicating Newcastle disease virus vector encoding the SARS-CoV-2 spike protein",,COVID-VVr-S-Nv,VAL398
VAL096,BCG valence,,BCG,Valence
VAL097,"Diphtheria valence, toxoid, standard dose",,D,VAL083
VAL098,"Meningococcal B valence, four-component",,4CMenB,VAL161
VAL099,"Influenza valence, inactivated, pandemic influenza H1N1 2009 ",,INF-pdm09,VAL058
VAL100,"Japanese encephalitis valence, live attenuated virus, strain 14-14-2",,JE-LA-14-14-2,VAL248
VAL101,"COVID-19 valence, non-replicating Newcastle disease virus vector encoding the SARS-CoV-2 spike protein",,COVID-VVnr-S-Nv,VAL397
VAL102,"Hepatitis E valence, recombinant peptide",,HepE,Valence
VAL103,"Haemophilus influenzae type b valence, PRP-conjugated, unspecified",,Hib-C,VAL177
VAL104,"COVID-19 valence, protein subunit, recombinant spike protein",,COVID-PS-rS,VAL053
VAL105,"Pneumococcal valence, unspecified",,Pneumo,Valence
VAL106,"Rotavirus valence, live attenuated, unspecified",,ROTA-LA,Valence
VAL107,"COVID-19 valence, protein subunit, recombinant spike protein nanoparticles",,COVID-PS-rSnp,VAL104
VAL108,"Ebola valence, non-replicating viral vector, Ad26.ZEBOV",,ZebovVRnrAd26,VAL126
VAL109,"Ebola valence, non-replicating viral vector, Modified Ankara vaccine ",,Ebola-MVA-BN-Filo,VAL126
VAL110,"Tetanus valence, immunoglobulin",,T-Ig,Valence
VAL111,"Anthrax valence, acellular",,Bant,VAL340
VAL112,"Influenza valence, quadrivalent, inactivated, obtained from cell culture, split or subunit, standard dose",,INF-CC4,VAL360
VAL113,"Human Papillomavirus valence, VLP bivalent, types 16 and 18",,HPV-02-valent,VAL237
VAL114,"Hepatitis B valence, recombinant Hepatitis B virus surface antigen (HBsAg), 10 micrograms",,rHBsAg-10,VAL090
VAL115,"Hepatitis B valence, recombinant Hepatitis B virus surface antigen (HBsAg), 20 micrograms",,rHBsAg-20,VAL090
VAL116,"RSV valence, monoclonal antibody, palivizumab",,RSV-mAb-pal,VAL320
VAL117,"Pertussis valence, acellular, dose unspecified",,Acel,VAL003
VAL118,"Meningococcal B valence, unspecified",,MenB,VAL234
VAL119,"COVID-19 valence, Omicron variant XFG, mRNA encoding the SARS-CoV-2 spike protein, 50 micrograms",,Covid-ARNm-S-OMI-XFG-50,VAL439
VAL120,"Meningococcal valence, polyvalent, unconjugated polysaccharide",,MPV-poly,VAL234
VAL121,"Polio valence, trivalent, inactivated, whole-virus, oral",,IPV-O,VAL042
VAL122,"Influenza valence, trivalent, inactivated, split or subunit, intramuscular or subcutaneous route, non-adjuvanted",,INF-SUNA3,VAL231
VAL123,"Rotavirus valence, pentavalent, live attenuated virus",,Rota5-L,VAL106
VAL124,"Cholera valence, live attenuated, unspecified",,CHOL-LA,VAL081
VAL125,"Hepatitis A valence, inactivated, whole-virus, unspecified",,HepA-I,VAL288
VAL126,"Ebola valence, unspecified",,Ebola,Valence
VAL127,"Influenza valence, quadrivalent, inactivated, split or subunit, intramuscular or subcutaneous route",,INF-SUimsc4,VAL230
VAL128,"Influenza valence, unspecified",,INF,Valence
VAL129,"Herpes simplex valence, unspecified",,HSV,Valence
VAL130,"Hepatitis A valence, virosome",,HepA-VLP,VAL125
VAL131,"Plague valence, inactivated, whole-cell",,Yp-I,VAL422
VAL132,"Polio type 1 valence, monovalent, live attenuated, oral",,mOPV1,VAL133
VAL133,"Polio valence, monovalent, live attenuated, oral, unspecified",,mOPV,VAL042
VAL134,"Influenza valence, quadrivalent, inactivated, split or subunit, intradermal route, unspecified",,INF-SUid4,VAL230
VAL135,"COVID-19 valence, mRNA encoding the SARS-CoV-2 spike protein, in clinical trials ",,COVID-mRNA-S-CT,VAL303
VAL136,"Meningococcal W valence, polysaccharide conjugate",,MCV-W,VAL300
VAL137,"Meningococcal C valence, unconjugated",,MPV-C,VAL298
VAL138,"Meningococcal W valence, unconjugated",,MPV-W,VAL300
VAL139,"Meningococcal Y valence, unconjugated polysaccharide",,MPV-Y,VAL299
VAL140,"Influenza valence, live attenuated, unspecified",,INF-L,VAL128
VAL141,"Rotavirus valence, live attenuated, RIX4414 monovalent",,ROTA-LA-mv-RIX4414,VAL106
VAL142,"Hepatitis A valence, monovalent, inactivated, whole-virus, paediatric dose",,HepA-mv-PED,VAL283
VAL143,"Hepatitis A valence, bivalent (hepatitis A and B), inactivated, whole-virus, paediatric dose",,HepA-bv-PED,VAL283
VAL144,"Hepatitis A valence, monovalent, inactivated, whole-virus, adult dose",,HepA-mv-ADU,VAL284
VAL145,"Hepatitis A valence, bivalent (hepatitis A and B), inactivated, whole-virus, adult dose",,HepA-bv-ADU,VAL284
VAL146,"Brucella valence, inactivated, whole-cell",,Bruc-I,VAL006
VAL147,"Brucella valence, protein subunit, antigen P.I. (phenol-insoluble)",,Bruc-IP,VAL006
VAL148,"RSV valence, immunoglobulin",,RSV-IG,VAL338
VAL149,"COVID-19 valence, Omicron variant, mRNA encoding the SARS-CoV-2 spike protein",,COVID-mRNA-S-OMI,VAL043
VAL150,"Dengue valence, unspecified",,Den,Valence
VAL151,"Tularemia valence, unspecified",,Tular,Valence
VAL152,"Influenza valence, inactivated, whole-virus, unspecified",,INF-I,VAL365
VAL153,"Haemophilus influenzae type b valence, PRP conjugated to diphtheria toxoid",,PRP-D,VAL103
VAL154,"Haemophilus influenzae type b valence, PRP conjugated to mutant diphtheria toxin CRM197",,HbOC,VAL103
VAL155,"Haemophilus influenzae type b valence, PRP conjugated to outer membrane protein of Neisseria meningitidis serogroup B",,PRP-OMP,VAL103
VAL156,"Haemophilus influenzae type b valence, PRP conjugated to tetanus toxoid",,PRP-T,VAL103
VAL157,"COVID-19 valence, unspecified",,COVID,Valence
VAL158,"Hepatitis B valence, plasma derived",,pHBsAg,VAL068
VAL159,"Shingles valence, subunit",,Shingles-SU,VAL160
VAL160,"Shingles valence, unspecified",,Shingles,Valence
VAL161,"Meningococcus B valence, multicomponent, unspecified",,MenB-mc,VAL118
VAL162,"COVID-19 valence, replicating virus vector, unspecified",,COVID-VVr,VAL165
VAL163,"COVID-19 valence, non-replicating viral vector, unspecified",,COVID-VVnr,VAL165
VAL164,"COVID-19 valence, non live, unspecified",,COVID-non-live,VAL157
VAL165,"COVID-19 valence, live, unspecified",,COVID-live,VAL157
VAL166,"Influenza valence, trivalent, inactivated, split or subunit, intramuscular or subcutaneous route, pediatric dose",,INF-SUped3,VAL122
VAL167,"COVID-19 valence, non-replicating viral vector, antigen presenting cells",,COVID-VVnr+APC,VAL163
VAL168,"COVID-19 valence, mRNA, unspecified",,COVID-mRNA,VAL164
VAL169,"COVID-19 valence, self-amplifying mRNA (SAM)",,COVID-mRNA-SAM,VAL303
VAL170,"Hepatitis B valence, recombinant Hepatitis B virus surface antigen (HBsAg), 5 micrograms",,rHepB-05,VAL090
VAL171,"Venezuelan equine encephalitis valence, unspecified",,VEE,Valence
VAL172,"Q fever (Coxiella burnetii) valence, unspecified",,Cbur,Valence
VAL173,"Argentine hemorrhagic fever valence, Junin virus, live attenuated",,Junin-LA,VAL421
VAL174,"Hantavirus valence, unspecified",,HAN,Valence
VAL175,"Leishmaniasis valence, unspecified",,Leish,Valence
VAL176,"Human parainfluenza viruses valence, unspecified",,HPIVs,Valence
VAL177,"Haemophilus influenzae type b valence, unspecified",,Hib,Valence
VAL178,"COVID-19 valence, Omicron variant BA.1, mRNA encoding the SARS-CoV-2 spike protein, 25 micrograms",,COVID-mRNA-S-OMI-BA.1-25,VAL393
VAL179,"COVID-19 valence, Omicron variant XFG, mRNA encoding the SARS-CoV-2 spike protein, 25 micrograms",,Covid-ARNm-S-OMI-XFG-25,VAL439
VAL180,"COVID-19 valence, original virus, mRNA encoding the SARS-CoV-2 spike protein, 100 micrograms",,COVID-mRNA-S-ORI-100,VAL303
VAL181,"COVID-19 valence, original virus, mRNA encoding the SARS-CoV-2 spike protein, 25 micrograms",,COVID-mRNA-S-ORI-25,VAL303
VAL182,"Measles valence, unspecified",,MEAS,Valence
VAL183,"Mumps valence, unspecified",,MUMPS,Valence
VAL184,"Pneumococcus valence, conjugated polysaccharide, monovalent",,PCV,VAL105
VAL185,"Pneumococcal valence, polysaccharide unconjugated, unspecified",,PPSV,VAL105
VAL186,"Pneumococcal valence, polysaccharide conjugate, serotype 1",,PCV-01,VAL184
VAL187,"Pneumococcal valence, polysaccharide conjugate, serotype 3",,PCV-03,VAL184
VAL188,"Pneumococcal valence, polysaccharide conjugate, serotype 4",,PCV-04,VAL184
VAL189,"Pneumococcal valence, polysaccharide conjugate, serotype 5",,PCV-05,VAL184
VAL190,"Pneumococcal valence, polysaccharide conjugate, serotype 6A",,PCV-06A,VAL184
VAL191,"Pneumococcal valence, polysaccharide conjugate, serotype 6B",,PCV-06B,VAL184
VAL192,"Pneumococcal valence, polysaccharide conjugate, serotype 7F",,PCV-07F,VAL184
VAL193,"Pneumococcal valence, polysaccharide conjugate, serotype 8",,PCV-08,VAL184
VAL194,"Pneumococcal valence, polysaccharide conjugate, serotype 9V",,PCV-09V,VAL184
VAL195,"Pneumococcal valence, polysaccharide conjugate, serotype 10A",,PCV-10A,VAL184
VAL196,"Pneumococcal valence, polysaccharide conjugate, serotype 11A",,PCV-11A,VAL184
VAL197,"Pneumococcal valence, polysaccharide conjugate, serotype 12F",,PCV-12F,VAL184
VAL198,"Pneumococcal valence, polysaccharide conjugate, serotype 14",,PCV-14,VAL184
VAL199,"Pneumococcal valence, polysaccharide conjugate, serotype 15B",,PCV-15B,VAL184
VAL200,"Pneumococcal valence, polysaccharide conjugate, serotype 18C",,PCV-18C,VAL184
VAL201,"Pneumococcal valence, polysaccharide conjugate, serotype 19A",,PCV-19A,VAL184
VAL202,"Pneumococcal valence, polysaccharide conjugate, serotype 19F",,PCV-19F,VAL184
VAL203,"Pneumococcal valence, polysaccharide conjugate, serotype 22F",,PCV-22F,VAL184
VAL204,"Pneumococcal valence, polysaccharide conjugate, serotype 23F",,PCV-23F,VAL184
VAL205,"Pneumococcal valence, polysaccharide conjugate, serotype 33F",,PCV-33F,VAL184
VAL206,"Pneumococcal valence, polysaccharide unconjugated, serotype 1",,PPSV-01,VAL185
VAL207,"Pneumococcal valence, polysaccharide unconjugated, serotype 2",,PPSV-02,VAL185
VAL208,"Pneumococcal valence, polysaccharide unconjugated, serotype 3",,PPSV-03,VAL185
VAL209,"Pneumococcal valence, polysaccharide unconjugated, serotype 4",,PPSV-04,VAL185
VAL210,"Pneumococcal valence, polysaccharide unconjugated, serotype 5",,PPSV-05,VAL185
VAL211,"Pneumococcal valence, polysaccharide unconjugated, serotype 6B",,PPSV-06B,VAL185
VAL212,"Pneumococcal valence, polysaccharide unconjugated, serotype 7F",,PPSV-07F,VAL185
VAL213,"Pneumococcal valence, polysaccharide unconjugated, serotype 8",,PPSV-08,VAL185
VAL214,"Pneumococcal valence, polysaccharide unconjugated, serotype 9N",,PPSV-09N,VAL185
VAL215,"Pneumococcal valence, polysaccharide unconjugated, serotype 9V",,PPSV-09V,VAL185
VAL216,"Pneumococcal valence, polysaccharide unconjugated, serotype 10A",,PPSV-10A,VAL185
VAL217,"Pneumococcal valence, polysaccharide unconjugated, serotype 11A",,PPSV-11A,VAL185
VAL218,"Pneumococcal valence, polysaccharide unconjugated, serotype 12F",,PPSV-12F,VAL185
VAL219,"Pneumococcal valence, polysaccharide unconjugated, serotype 14",,PPSV-14,VAL185
VAL220,"Pneumococcal valence, polysaccharide unconjugated, serotype 15B",,PPSV-15B,VAL185
VAL221,"Pneumococcal valence, polysaccharide unconjugated, serotype 15F",,PPSV-15F,VAL185
VAL222,"Pneumococcal valence, polysaccharide unconjugated, serotype 17F",,PPSV-17F,VAL185
VAL223,"Pneumococcal valence, polysaccharide unconjugated, serotype 18C",,PPSV-18C,VAL185
VAL224,"Pneumococcal valence, polysaccharide unconjugated, serotype 19A",,PPSV-19A,VAL185
VAL225,"Pneumococcal valence, polysaccharide unconjugated, serotype 19F",,PPSV-19F,VAL185
VAL226,"Pneumococcal valence, polysaccharide unconjugated, serotype 20",,PPSV-20,VAL185
VAL227,"Pneumococcal valence, polysaccharide unconjugated, serotype 22F",,PPSV-22F,VAL185
VAL228,"Pneumococcal valence, polysaccharide unconjugated, serotype 23F",,PPSV-23F,VAL185
VAL229,"Pneumococcal valence, polysaccharide unconjugated, serotype 33F",,PPSV-33F,VAL185
VAL230,"Influenza valence, quadrivalent, inactivated, split or subunit, unspecified",,INF-SU4,VAL058
VAL231,"Influenza valence, trivalent, inactivated, split or subunit, intramuscular or subcutaneous route",,INF-SUimsc3,VAL024
VAL232,"Pneumococcal valence, polysaccharide unconjugated, serotype 6A",,PPSV-06A,VAL185
VAL233,"Pneumococcal valence, polysaccharide unconjugated, serotype 25",,PPSV-25,VAL185
VAL234,"Meningococcal valence, unspecified",,Men,Valence
VAL235,"Meningococcal valence, polyvalent, conjugate polysaccharide",,MCV-poly,VAL234
VAL236,"Human Papillomavirus valence, VLP monovalent",,HPV-mono,VAL082
VAL237,"Human Papillomavirus valence, VLP polyvalent",,HPV-poly,VAL082
VAL238,"Human Papillomavirus valence, VLP, type 6",,HPV-06,VAL236
VAL239,"Human Papillomavirus valence, VLP , type 11",,HPV-11,VAL236
VAL240,"Human Papillomavirus valence, VLP, type 16",,HPV-16,VAL236
VAL241,"Human Papillomavirus valence, VLP, type 18",,HPV-18,VAL236
VAL242,"Human Papillomavirus valence, VLP, type 31",,HPV-31,VAL236
VAL243,"Human Papillomavirus valence, VLP, type 33",,HPV-33,VAL236
VAL244,"Human Papillomavirus valence, VLP, type 58",,HPV-58,VAL236
VAL245,"Human Papillomavirus valence, VLP, type 52",,HPV-52,VAL236
VAL246,"Human Papillomavirus valence, VLP, type 45",,HPV-45,VAL236
VAL247,"Japanese encephalitis valence, live attenuated chimeric virus",,JE-LAR,VAL248
VAL248,"Japanese encephalitis valence, live attenuated virus, unspecified",,JE-LA,VAL249
VAL249,"Japanese encephalitis valence, unspecified",,JE,Valence
VAL250,"Japanese encephalitis valence, inactivated, whole-virus, prepared on murine brain tissue",,JE-I-mb,VAL089
VAL251,"Japanese encephalitis valence, inactivated, whole-virus, derived from Vero cells",,JE-I-Vero,VAL089
VAL252,"Rabies immunoglobulin, human origin",,RIG-hu,VAL016
VAL253,"Rabies immunoglobulin valence, equine origin",,eRIG,VAL016
VAL254,"Rabies valence, inactivated, whole virion, semple type, prepared from goat or sheep brain tissue infected with rabies virus, contains myelin",,Rab-I-Semple,VAL256
VAL255,"Rabies valence, inactivated, whole virion, Fuenzalida type, prepared from suckling mouse brain tissue infected with rabies virus, decreased myelin content",,Rab-I-Fuenzalida,VAL256
VAL256,"Rabies valence, inactivated, whole virion, prepared from animal brain tissue infected with rabies virus, unspecified",,Rab-I-NervousTissue,VAL080
VAL257,"Rabies valence, inactivated, whole virion, cell culture-based, unspecified",,Rab-I-CC,VAL080
VAL258,"Rabies valence, inactivated, whole virion, cell culture-based, human diploid cell vaccine (HDCV) MRC-5, inactivation with ß-propiolactone",,Rab-I-HDCV,VAL257
VAL259,"Rabies valence, inactivated, whole virion, purified chick embryo cell vaccine (PCECV), obtained by growing the fixed rabies virus strain Flury LEP-25 in primary cultures of chick fibroblasts, virus inactivated with ß-propiolactone",,Rab-I-PCEC,VAL257
VAL260,"Rabies valence, inactivated, whole virion, cell culture-based, purified Vero cell rabies vaccine (PVRV), Wistar strain, inactivation with ß-propiolactone",,Rab-I-PVRV,VAL257
VAL261,"Rabies valence, inactivated, whole virion, cell culture-based, primary hamster kidney cell vaccine (PHKCV), Beijing strain, inactivation with formalin",,Rab-I-PHKCV,VAL257
VAL262,"Rabies valence, inactivated, whole virion, embryonated egg-based vaccine (EEV), unspecified",,Rab-I-EEV,VAL080
VAL263,"Rabies valence, inactivated, whole virion, purified duck embryo vaccine (PDEV), inactivation by ß-propiolactone",,Rab-I-PDEV,VAL262
VAL264,"COVID-19 valence, inactivated, whole-virion, authorized",,COVID-IV-Auth,VAL076
VAL265,"COVID-19 valence, inactivated, whole-virion, clinical trial",,COVID-IV-CT,VAL076
VAL266,"Meningococcal C valence, polysaccharide tetanus toxoid conjugated",,MCV-C-T,VAL057
VAL267,"Meningococcal C valence, polysaccharide diphtheria toxoid conjugated",,MCV-C-D,VAL057
VAL268,"Meningococcal C valence, polysaccharide conjugated to CRM197 protein",,MCV-C-CRM,VAL057
VAL269,"Meningococcal A valence, polysaccharide conjugated to CRM197 Protein",,MCV-A-CRM,VAL041
VAL270,"Meningococcal A valence, polysaccharide diphtheria toxoid conjugated",,MCV-A-D,VAL041
VAL271,"Meningococcal A valence, polysaccharide conjugate valence to tetanus toxoid",,MCV-A-T,VAL041
VAL272,"Meningococcal W valence, polysaccharide tetanus toxoid conjugated",,MCV-W-T,VAL136
VAL273,"Meningococcal W valence, polysaccharide diphtheria toxoid conjugated",,MCV-W-D,VAL136
VAL274,"Meningococcal W valence, polysaccharide conjugated to CRM197 protein",,MCV-W-CRM,VAL136
VAL275,"Meningococcal Y valence, polysaccharide conjugated to CRM197 protein",,MCV-Y-CRM,VAL078
VAL276,"Meningococcal Y valence, polysaccharide tetanus toxoid conjugated",,MCV-Y-T,VAL078
VAL277,"Meningococcal Y valence, polysaccharide diphtheria toxoid conjugated",,MCV-Y-D,VAL078
VAL278,"Adenovirus valence, live attenuated, oral route, unspecified",,AD-LA,Valence
VAL279,"Influenza valence, quadrivalent, inactivated, split or subunit, intramuscular or subcutaneous route, pediatric dose",,INF-SUped4,VAL064
VAL280,"Botulism valence, toxoid",,BT,VAL419
VAL281,"Adenovirus type 7 valence, live attenuated, oral route",,AD7-LA,VAL278
VAL282,"Adenovirus type 4 valence, live attenuated, oral route",,AD4-LA,VAL278
VAL283,"Hepatitis A valence, inactivated, whole-virus, paediatric dose, unspecified",,HepA-PED,VAL125
VAL284,"Hepatitis A valence, inactivated, whole-virus, adult dose, unspecified",,HepA-ADU,VAL125
VAL285,"Influenza valence, trivalent, inactivated, obtained from cell culture, split or subunit, standard dose",,INF-CC3,VAL360
VAL286,"Hepatitis A valence, live attenuated, unspecified",,HepA-LA,VAL288
VAL287,"Influenza valence, quadrivalent, recombinant",,INF-R4,VAL361
VAL288,"Hepatitis A valence, unspecified",,HepA,Valence
VAL289,"COVID-19 valence, original virus, mRNA encoding the SARS-CoV-2 spike protein, 10 micrograms",, COVID-mRNA-S-ORI-10,VAL303
VAL290,"COVID-19 valence, original virus, mRNA encoding the SARS-CoV-2 spike protein, 30 micrograms",,COVID-mRNA-S-ORI-30,VAL303
VAL291,"Hepatitis B valence, Recombinant, three antigens (HbS Ag, pre-S1, and pre-S2)",,HBs-r-3Ag,VAL068
VAL292,"COVID-19 valence, non-replicating adenovirus 26 vector encoding the SARS-CoV-2 spike protein, in clinical trials",,COVID-VVnr-S-Ad26-CT,VAL070
VAL293,Anthrax immunoglobulin valence,,Anthrax-Ig,VAL340
VAL294,"Smallpox valence, first-generation, live attenuated",,POX-1G,VAL022
VAL295,"Smallpox valence, second-generation, live attenuated",,POX-2G,VAL022
VAL296,"Smallpox valence, non-replicating, third-generation, Modified Ankara vaccine",,POX-3G-MVA,VAL028
VAL297,"Meningococcal A valence, unspecified",,MenA,VAL234
VAL298,"Meningococcal C valence, unspecified",,MenC,VAL234
VAL299,"Meningococcal Y valence, unspecified",,MenY,VAL234
VAL300,"Meningococcal W valence, unspecified",,MenW,VAL234
VAL301,"Influenza valence, trivalent, recombinant",,INF-R3,VAL361
VAL302,"COVID-19 valence, original virus, mRNA encoding the SARS-CoV-2 spike protein, 50 micrograms",,COVID-mRNA-S-ORI-50,VAL303
VAL303,"COVID-19 valence, original virus, mRNA encoding the SARS-CoV-2 spike protein",,COVID-mRNA-S-ORI,VAL043
VAL304,"COVID-19 valence, original virus, mRNA encoding the SARS-CoV-2 spike protein, 15 micrograms",,COVID-mRNA-S-ORI-15,VAL303
VAL305,"COVID-19 valence, Omicron variant BA.1, mRNA encoding the SARS-CoV-2 spike protein, 15 micrograms",,COVID-mRNA-S-OMI-BA.1-15,VAL393
VAL306,"COVID-19 valence, original virus, mRNA encoding the SARS-CoV-2 spike protein, 3 micrograms",,COVID-mRNA-S-ORI-3,VAL303
VAL307,"COVID-19 valence, Omicron variant BA.4/5, mRNA encoding the SARS-CoV-2 spike protein,15 micrograms",,COVID-mRNA-S-OMI-BA.4/5-15,VAL394
VAL308,"COVID-19 valence, Omicron variant BA.4/5, mRNA encoding the SARS-CoV-2 spike protein, 25 micrograms",,COVID-mRNA-S-OMI-BA.4/5-25,VAL394
VAL309,"COVID-19 valence, Omicron variant BA.4/5, mRNA encoding the SARS-CoV-2 spike protein, 5 micrograms",,COVID-mRNA-S-OMI-BA.4/5-5,VAL394
VAL310,"COVID-19 valence, original virus, mRNA encoding the SARS-CoV-2 spike protein, 5 micrograms",,COVID-mRNA-S-ORI-5,VAL303
VAL311,"Malaria valence, R21/Matrix-M pre-erythrocytic",,R21/Matrix-M,VAL025
VAL312,"Tick-borne encephalitis valence, inactivated, whole-virus, K23 strain",,TBE-K23,VAL031
VAL313,"Tick-borne encephalitis valence, inactivated, whole-virus, Neudörfl strain, dose not specified",,TBE-Neudorfl,VAL031
VAL314,"Tick-borne encephalitis valence, inactivated, whole-virus, Neudörfl strain, adult dose",,TBE-Neudorfl-ADU,VAL313
VAL315,"Tick-borne encephalitis valence, inactivated, whole-virus, Neudörfl strain, paediatric dose",,TBE-Neudorfl-PED,VAL313
VAL316,"RSV valence, protein subunit, recombinant, RSVPreF3 antigen derived from F protein",,RSV-PreF3,VAL318
VAL317,"RSV valence, antibody, unspecified",,RSV-Ab,VAL447
VAL318,"RSV valence, vaccine, unspecified",,RSV-V,VAL338
VAL319,"COVID-19 valence, non-replicating adenoviral vector encoding the SARS-CoV-2 spike protein, inhalation vaccine, unspecified",,COVID-VVnr-S-INH,VAL397
VAL320,"RSV valence, monoclonal antibody, unspecified",,RSV-mAb,VAL317
VAL321,"RSV valence, monoclonal antibody, nirsevimab",,VRS-mAb-nir,VAL320
VAL322,"RSV valence, protein subunit, recombinant, glycoprotein F subtypes A and B",,RSV-PreFAB,VAL318
VAL323,"COVID-19 valence, Omicron variant XBB.1.5, mRNA encoding the SARS-CoV-2 spike protein, 30 micrograms",,COVID-mRNA-S-OMI-XBB.1.5-30,VAL396
VAL324,"COVID-19 valence, Omicron variant XBB.1.5, mRNA encoding the SARS-CoV-2 spike protein, 10 micrograms",,COVID-mRNA-S-OMI-XBB.1.5-10,VAL396
VAL325,"COVID-19 valence, Omicron variant XBB.1.5, mRNA encoding the SARS-CoV-2 spike protein, 3 micrograms",,COVID-mRNA-S-OMI-XBB.1.5-3,VAL396
VAL326,"COVID-19 valence, Omicron BA.4/BA.5 variant, SARS-CoV-2 spike protein mRNA 19, 1.5 micrograms",,COVID-mRNA-S-OMI-BA.4/5-1.5,VAL394
VAL327,"COVID-19 valence, original virus, SARS-CoV-2 peak protein-encoding mRNA, 1.5 micrograms",,COVID-mRNA-S-ORI-1.5,VAL303
VAL328,"COVID-19 valence, protein subunit, recombinant spike protein nanoparticles, Omicron XBB.1.5 subvariant",,COVID-PS-rSnp-XBB,VAL107
VAL329,"COVID-19 valence, Omicron variant XBB.1.5, mRNA encoding the SARS-CoV-2 spike protein, 50 micrograms",,COVID-mRNA-S-OMI-XBB.1.5-50,VAL396
VAL330,"COVID-19 valence, Omicron variant XBB.1.5, mRNA encoding the SARS-CoV-2 spike protein, 25 micrograms",,COVID-mRNA-S-OMI-XBB.1.5-25,VAL396
VAL331,"CMV valence, immunoglobulin",,CMV-Ig,Valence
VAL332,"Hepatitis C valence, unspecified",,HepC,Valence
VAL333,"HIV valence, unspecified",,HIV,Valence
VAL334,"Melanoma valence, unspecified",,MEL,Valence
VAL335,"Streptococcus pyogenes valence, unspecified",,SPYO,Valence
VAL336,"Rift Valley Fever valence, unspecified",,RVF,Valence
VAL337,"Smallpox valence, immunoglobulin",,POX-Ig,VAL418
VAL338,"RSV valence, unspecified",,RSV,Valence
VAL339,"Borrelia burgdorferi valence, unspecified",,Lyme,Valence
VAL340,"Anthrax valence, unspecified",,Anthrax,Valence
VAL341,"Escherichia coli valence, unspecified",,Eco,VAL345
VAL342,"Klebsiella pneumoniæ valence, unspecified",,Kpn,VAL345
VAL343,"Enterococcus faecalis valence, unspecified",,Efa,VAL345
VAL344,"Proteus vulgaris valence, unspecified",,Pvu,VAL345
VAL345,"Urinary tract infections valence, unspecified",,UTI,Valence
VAL346,Enterovirus A71 valence,,EV71,Valence
VAL347,"Leptospira canicola valence, inactivated, whole-cell",,Lepto-ca,VAL448
VAL348,"Leptospira pomona valence, inactivated whole-cell",,Lepto-po,VAL448
VAL349,"Influenza valence, trivalent, inactivated, fractionated or subunit, adjuvanted",,INF-SUAnd3,VAL231
VAL350,"Influenza valence, quadrivalent, inactivated, fractionated or subunit, adjuvanted, normal dose",,INF-SUAnd4,VAL127
VAL351,"Influenza valence, trivalent, virosomal, unspecified",,INF-V3,VAL362
VAL352,"Influenza valence, quadrivalent, virosomal, unspecified",,INF-V4,VAL362
VAL353,"Pneumococcal valence, polysaccharide conjugate, serotype 2",,PCV-02,VAL184
VAL354,"Pneumococcal valence, polysaccharide conjugate, serotype 9N",,PCV-9N,VAL184
VAL355,"Pneumococcal valence, polysaccharide conjugate, serotype 17F",,PCV-17F,VAL184
VAL356,"Pneumococcal valence, polysaccharide conjugate, serotype 20",,PCV-20,VAL184
VAL357,"Cholera valence, live attenuated, oral",,CHOL-LA-O,VAL124
VAL358,"Botulism valence, immunoglobulin",,BIG,VAL420
VAL359,"Cholera valence, inactivated, whole-cell, unspecified",,CHOL-I,VAL081
VAL360,"Influenza valence, inactivated, obtained from cell culture, split or subunit, standard dose, unspecified",,INF-CC,VAL364
VAL361,"Influenza valence, recombinant, unspecified",,INF-R,VAL364
VAL362,"Influenza valence, virosomal, unspecified",,INF-V,VAL364
VAL363,"Influenza valence, trivalent, VLP, unspecified",,INF-VLP3,VAL029
VAL364,"Influenza valence, non-live, unspecified",,INF-NL,VAL128
VAL365,"Influenza valence, non-live, obtained from egg culture, unspecified",,INF-E,VAL364
VAL366,"Influenza valence, RNA-based, unspecified",,INF-RNA,VAL128
VAL367,"Cholera valence, V. cholerae O1, inactivated, whole-cell, oral",,CHOL-I-O1-O,VAL021
VAL368,"Cholera valence, V. cholerae O139, inactivated, whole-cell, oral",,CHOL-I-O139-O,VAL021
VAL369,"Pneumococcal valence, polysaccharide conjugate, serotype 15A",,PCV-15A,VAL184
VAL370,"Pneumococcal valence, polysaccharide conjugate, serotype 15C",,PCV-15C,VAL184
VAL371,"Pneumococcal valence, polysaccharide conjugate, serotype 16C",,PCV-16F,VAL184
VAL372,"Pneumococcal valence, polysaccharide conjugate, serotype 20A",,PCV-20A,VAL184
VAL373,"Pneumococcal valence, polysaccharide conjugate, serotype 23A",,PCV-23A,VAL184
VAL374,"Pneumococcal valence, polysaccharide conjugate, serotype 23B",,PCV-23B,VAL184
VAL375,"Pneumococcal valence, polysaccharide conjugate, serotype 24F",,PCV-24F,VAL184
VAL376,"Pneumococcal valence, polysaccharide conjugate, serotype 31",,PCV-31,VAL184
VAL377,"Pneumococcal valence, polysaccharide conjugate, serotype 35B",,PCV-35B,VAL184
VAL378,"Hepatitis B valence, recombinant Hepatitis B virus surface antigen (HBsAg), 15 micrograms",,rHBsAg-15,VAL090
VAL379,"COVID-19 valence, Omicron variant JN.1, mRNA encoding the SARS-CoV-2 spike protein, 30 micrograms",,COVID-mRNA-S-OMI-JN.1-30,VAL395
VAL380,"COVID-19 valence, Omicron variant JN.1, mRNA encoding the SARS-CoV-2 spike protein, 10 micrograms",,COVID-mRNA-S-OMI-JN.1-10,VAL395
VAL381,"COVID-19 valence, Omicron variant JN.1, mRNA encoding the SARS-CoV-2 spike protein, 3 micrograms",,COVID-mRNA-S-OMI-JN.1-3,VAL395
VAL382,"COVID-19 valence, protein subunit, recombinant spike protein in nanoparticles, sub-variant Omicron JN.1",,COVID-PS-rSnp-JN.1,VAL107
VAL383,"RSV valence, Single-stranded 5' capped mRNA encoding the RSV glycoprotein F stabilized in the prefusion conformation",,mRSV,VAL318
VAL384,"Leprosy valence, unspecified",,LEP,Valence
VAL385,Avian influenza A(H5N8) valence,,AH5N8,VAL386
VAL386,"Avian influenza A(H5) valence, unspecified",,AH5,Valence
VAL387,"COVID-19 valence,  Omicron variant JN.1, mRNA encoding the SARS-CoV-2 spike protein, 25 micrograms",,COVID-mRNA-S-OMI-JN.1-25,VAL395
VAL388,"COVID-19 valence, Omicron variant JN.1, mRNA encoding the SARS-CoV-2 spike protein, 50 micrograms",,COVID-mRNA-S-OMI-JN.1-50,VAL395
VAL389,"Pseudomonas aeruginosa valence, 7 immunotypes",,PAER7,Valence
VAL390,"Chikungunya virus valence, unspecified",,CHIK,Valence
VAL391,"Chikungunya virus valence, VLP",,Chik-VLP,VAL390
VAL392,"Avian influenza valence, mRNA",,AH5N1-RNA,VAL051
VAL393,"COVID-19 valence, Omicron BA.1 variant, mRNA encoding the SARS-CoV-2 spike protein",,COVID-mRNA-S-OMI-BA.1,VAL149
VAL394,"COVID-19 valence, Omicron variant BA.4/BA.5, mRNA encoding the SARS-CoV-2 spike protein",,COVID-mRNA-S-OMI-BA.4/5,VAL149
VAL395,"COVID-19 valence, Omicron variant JN.1, mRNA encoding the SARS-CoV-2 spike protein",,COVID-mRNA-S-OMI-JN.1,VAL417
VAL396,"COVID-19 valence, Omicron variant XBB.1.5, mRNA encoding the SARS-CoV-2 spike protein",,COVID-mRNA-S-OMI-XBB.1.5,VAL417
VAL397,"COVID-19 valence, non-replicating viral vector encoding the peak protein of SARS-CoV-2, unspecified",,COVID-VVnr-S,VAL163
VAL398,"COVID-19 valence, replicating viral vector, virus encoding the spike protein of SARS-CoV-2",,COVID-VVr-S,VAL162
VAL399,"Typhoid valence, Vi antigen conjugated to tetanus toxoid",,Ty-ViC-T,VAL002
VAL400,"Typhoid valence, Vi antigen conjugated to CRM197 protein",,Ty-ViC-CRM,VAL002
VAL401,"Japanese encephalitis valence, inactivated, whole-virus, derived from Vero cells, 3 micrograms",,EJ-I-Vero-3,VAL251
VAL402,"Japanese encephalitis valence, inactivated, whole-virus, derived from Vero cells, 6 micrograms",,EJ-I-Vero-6,VAL251
VAL403,"Meningococcal X valence, unspecified",,MenX,VAL234
VAL404,"Meningococcal X valence, polysaccharide conjugate",,MCV-X,VAL403
VAL405,"Influenza valence, live attenuated, pandemic influenza H1N1 2009",,INF-pdm09-V,VAL058
VAL406,"COVID-19 valence, Omicron variant KP.2, mRNA encoding the SARS-CoV-2 spike protein",,COVID-mRNA-S-OMI-KP.2,VAL395
VAL407,"COVID-19 valence, Omicron variant KP.2, mRNA encoding the SARS-CoV-2 spike protein, 3 micrograms",,COVID-mRNA-S-OMI-KP.2-3,VAL406
VAL408,"COVID-19 valence, Omicron variant KP.2, mRNA encoding the SARS-CoV-2 spike protein, 10 micrograms",,COVID-mRNA-S-OMI-KP.2-10,VAL406
VAL409,"COVID-19 valence, Omicron variant KP.2, mRNA encoding the SARS-CoV-2 spike protein, 30 micrograms",,COVID-mRNA-S-OMI-KP.2-30,VAL406
VAL410,"COVID-19 valence, protein subunit, recombinant N protein",,COVID-PS-rN,VAL053
VAL411,"COVID-19 valence, Omicron variant BA.4/5, mRNA encoding the SARS-CoV-2 spike protein, 50 micrograms",,COVID-mRNA-S-OMI-BA.4/5-50,VAL394
VAL412,"COVID-19 valence, Omicron variant BA.1, mRNA encoding the SARS-CoV-2 spike protein, 50 micrograms",,COVID-mRNA-S-OMI-BA.1-50,VAL393
VAL413,"COVID-19 valence, protein subunit, recombinant spike protein (RBD), Omicron XBB.1.16 subvariant",,COVID-PS-rRBD-XBB.1.16,VAL011
VAL414,"Diphtheria valence, unspecified",,DIPH,Valence
VAL415,"Anthrax valence, acellular, adjuvanted",,BantAdj,VAL111
VAL416,"COVID-19 valence, protein subunit, recombinant spike protein, adjuvanted",,COVID-PS-rS-A,VAL104
VAL417,"COVID-19 valence, Omicron BA.2 variant, mRNA encoding the SARS-CoV-2 spike protein",,COVID-mRNA-S-OMI-BA.2,VAL149
VAL418,"Smallpox valence, unspecified",,POX,Valence
VAL419,"Botulism valence, unspecified",,BOT,Valence
VAL420,"Botulism valence, passive immunization products",,BOT-passive,VAL419
VAL421,"Argentine hemorrhagic fever valence, Junin virus, unspecified",,Junin,Valence
VAL422,"Plague valence, unspecified",,Yp,Valence
VAL423,"COVID-19 valence, Omicron variant LP.8.1, mRNA encoding the SARS-CoV-2 spike protein",,Covid-ARNm-S-OMI-LP.8.1,VAL417
VAL424,"COVID-19 valence, Omicron variant LP.8.1, mRNA encoding the SARS-CoV-2 spike protein, 30 micrograms",,Covid-ARNm-S-OMI-LP.8.1-30,VAL423
VAL425,"COVID-19 valence, Omicron variant LP.8.1, mRNA encoding the SARS-CoV-2 spike protein, 10 micrograms",,Covid-ARNm-S-OMI-LP.8.1-10,VAL423
VAL426,"COVID-19 valence, Omicron variant LP.8.1, mRNA encoding the SARS-CoV-2 spike protein, 3 micrograms",,Covid-ARNm-S-OMI-LP.8.1-3,VAL423
VAL427,"COVID-19 valence, mRNA encoding a fragment of the SARS-CoV-2 spike protein",,Covid-ARNm-S-frag,VAL043
VAL428,"Valence COVID-19, mRNA encoding the NTD and RBD fragments of the spike protein, Omicron LP.8.1 variant",,Covid-ARNm-S-frag-OMI-LP.8.1,VAL427
VAL429,"RSV valence, monoclonal antibody, clesrovimab",,VRS-mAb-cle,VAL320
VAL430,"Tick-borne encephalitis valence, inactivated, whole-virus, K23 strain, 0,25 mL",,TBE-K23-25,VAL312
VAL431,"Tick-borne encephalitis valence, inactivated, whole-virus, K23 strain, 0,50 mL",,TBE-K23-50,VAL312
VAL432,"COVID-19 valence, Omicron variant LP.8.1, mRNA encoding the SARS-CoV-2 spike protein, 25 micrograms",,Covid-ARNm-S-OMI-LP.8.1-25,VAL423
VAL433,"COVID-19 valence, Omicron variant LP.8.1, mRNA encoding the SARS-CoV-2 spike protein, 50 micrograms.",,Covid-ARNm-S-OMI-LP.8.1-50,VAL423
VAL434,"COVID-19 valence, protein subunit, recombinant spike protein (RBD), Omicron LP.8.1 subvariant",,Covid-SP-rRBD-LP.8.1,VAL011
VAL435,"Dengue valence, native attenuated strain",,DENV2LAV,VAL150
VAL436,"Dengue valence, live, recombinant, DENV-2 chimera with prM/E from DENV-1",,DENV1rCH,VAL150
VAL437,"Dengue valence, live, recombinant, DENV-2 chimera with prM/E from DENV-3",,DENV3rCH,VAL150
VAL438,"Dengue valence, live, recombinant, DENV-2 chimera with prM/E from DENV-4",,DENV4rCH,VAL150
VAL439,"COVID-19 valence, Omicron variant LP.8.1, mRNA encoding the SARS-CoV-2 spike protein",,Covid-ARNm-S-OMI-XFG,VAL417
VAL440,"COVID-19 valence, Omicron variant XFG, mRNA encoding the SARS-CoV-2 spike protein, 10 micrograms",,Covid-ARNm-S-OMI-XFG-10,VAL439
VAL441,"COVID-19 valence, Omicron variant XFG, mRNA encoding the SARS-CoV-2 spike protein, 30 micrograms",,Covid-ARNm-S-OMI-XFG-30,VAL439
VAL442,"Melanoma valence, messenger RNA, individualized neoantigens",,MEL-ARNI,VAL334
VAL443,"COVID-19 valence, protein subunit, recombinant spike protein in nanoparticles, sub-variant Omicron XFG",,Covid-SP-rSnp-XFG,VAL107
VAL444,"COVID-19 valence, protein subunit, recombinant spike protein (RBD), Omicron XFG subvariant",,Covid-SP-rRBD-XFG,VAL011
VAL445,"Typhoid valence, Vi antigen conjugated to diphtheria toxoid",,Ty-ViC-D,VAL002
VAL446,"Morganella morganii valence, unspecified",,Mmo,VAL345
VAL447,"Proteus mirabilis valence, unspecified",,Pmi,VAL345
VAL448,"Leptospira valence, unspecified",,Lepto,Valence
VAL449,"Influenza valence, RNA-based, trivalent, unspecified",,Inf-RNA3,VAL366
VAL450,"Non-HPV-related squamous cell carcinomas of the head and neck valence, unspecified",,HNSCC-HPVneg,Valence
