code,label,description,notes
MLZ-001,BCG,"Vacuna viva atenuada de bacilo de Calmette-Guérin para prevenir las formas graves y diseminadas de tuberculosis.","Uso neonatal en el programa público; el concepto corresponde a la vacuna y no a la dosis al nacer."
MLZ-002,Hepatitis B monovalente,"Vacuna monovalente recombinante contra la hepatitis B.","Se utiliza en recién nacidos y para completar esquemas o proteger a personas con riesgo ocupacional o clínico."
MLZ-003,Pentavalente celular,"Vacuna combinada pediátrica con toxoides diftérico y tetánico, componente de tosferina de células enteras, antígeno de hepatitis B y conjugado de Haemophilus influenzae tipo b.","El nombre corto 'pentavalente' no identifica por sí solo los componentes; la descripción es normativa para este código."
MLZ-004,Hexavalente celular,"Vacuna combinada pediátrica con difteria, tétanos, tosferina de células enteras, hepatitis B, Haemophilus influenzae tipo b y poliovirus inactivados.","Combinación usada por el programa público en determinadas cohortes; requiere análisis cuidadoso de sus seis componentes."
MLZ-005,Hexavalente acelular,"Vacuna combinada pediátrica con difteria, tétanos, tosferina acelular, hepatitis B, Haemophilus influenzae tipo b y poliovirus inactivados.","Disponible principalmente en el sector privado y para indicaciones clínicas específicas. No es equivalente a la hexavalente celular."
MLZ-006,DTP celular pediátrica,"Vacuna pediátrica combinada contra difteria, tétanos y tosferina con componente pertúsico de células enteras.","Usada para refuerzos infantiles y recuperación de esquemas."
MLZ-007,DTaP pediátrica,"Vacuna pediátrica combinada contra difteria, tétanos y tosferina con componente pertúsico acelular.","Formulación pediátrica; no debe confundirse con Tdap de contenido antigénico reducido."
MLZ-008,DT pediátrica,"Vacuna pediátrica con toxoides diftérico y tetánico, sin componente contra la tosferina.","Uso limitado cuando el componente pertúsico no corresponde o no puede administrarse."
MLZ-009,Td adultos,"Vacuna con toxoide tetánico y toxoide diftérico de contenido reducido para adolescentes y adultos.","Usada para refuerzos, profilaxis de heridas y recuperación de esquemas."
MLZ-010,Tdap adolescentes y adultos,"Vacuna contra tétanos, difteria de contenido reducido y tosferina acelular para adolescentes y adultos.","Incluye la vacunación durante el embarazo y de personal de salud según indicación."
MLZ-011,Hib monovalente,"Vacuna conjugada monovalente contra Haemophilus influenzae tipo b.","Se conserva para esquemas especiales o recuperación cuando no se usa una combinación pediátrica."
MLZ-012,Poliomielitis inactivada,"Vacuna inyectable de poliovirus inactivados para la prevención de la poliomielitis.","Formulación de uso actual en el programa regular."
MLZ-013,Poliomielitis oral bivalente,"Vacuna oral viva atenuada con poliovirus de los tipos 1 y 3.","Código inactivo para nuevas aplicaciones ordinarias; se mantiene para registros históricos y campañas antiguas."
MLZ-014,Antipoliomielítica no especificada,"Vacuna contra la poliomielitis cuya documentación no permite determinar si fue inactivada inyectable u oral viva.","Concepto de rescate para documentos incompletos; requiere investigación antes de alinearlo con una formulación precisa."
MLZ-015,Rotavirus monovalente,"Vacuna oral viva atenuada monovalente contra gastroenteritis causada por rotavirus.","Formulación usada en el programa infantil."
MLZ-016,Rotavirus pentavalente,"Vacuna oral viva atenuada pentavalente contra gastroenteritis causada por rotavirus.","Puede aparecer en prestadores privados o por cambios de adquisición."
MLZ-017,Rotavirus no especificada,"Vacuna oral contra rotavirus sin documentación suficiente para determinar si la formulación fue monovalente o pentavalente.","Concepto de respaldo para registros migratorios, carnés incompletos o cargas históricas."
MLZ-018,Neumocócica conjugada 10-valente,"Vacuna conjugada contra diez serotipos de Streptococcus pneumoniae.","Código histórico del programa infantil; fue desplazado gradualmente por formulaciones de mayor valencia, pero permanece en registros previos."
MLZ-019,Neumocócica conjugada 13-valente,"Vacuna conjugada contra trece serotipos de Streptococcus pneumoniae.","Usada en infancia y en algunas personas con condiciones de riesgo."
MLZ-020,Neumocócica conjugada 20-valente,"Vacuna conjugada contra veinte serotipos de Streptococcus pneumoniae.","Introducción reciente para infancia y ciertos grupos adultos o de riesgo."
MLZ-021,Neumocócica polisacárida 23-valente,"Vacuna polisacárida no conjugada contra veintitrés serotipos de Streptococcus pneumoniae.","Uso en adultos mayores y personas con indicaciones clínicas específicas; no equivale a una vacuna conjugada."
MLZ-022,Meningocócica C conjugada,"Vacuna conjugada contra enfermedad meningocócica causada por el serogrupo C.","Utilizada en lactantes o campañas focalizadas según el período programático."
MLZ-023,Meningocócica ACWY conjugada,"Vacuna conjugada contra meningococo de los serogrupos A, C, W e Y.","Uso programático, en viajeros, estudiantes, personal de laboratorio y respuesta a brotes según riesgo."
MLZ-024,Meningocócica no especificada,"Vacuna contra enfermedad meningocócica sin serogrupos ni tecnología documentados.","El alcance puede corresponder a C, ACWY u otra formulación; no debe asumirse una cobertura antigénica concreta."
MLZ-025,Triple viral SRP,"Vacuna viva atenuada combinada contra sarampión, rubéola y parotiditis.","Vacuna de uso rutinario infantil y para recuperación de susceptibles."
MLZ-026,Doble viral SR,"Vacuna viva atenuada combinada contra sarampión y rubéola.","Se conserva para campañas, control de brotes y registros históricos; se solapa parcialmente con la triple viral."
MLZ-027,Tetraviral SRPV,"Vacuna viva atenuada combinada contra sarampión, rubéola, parotiditis y varicela.","Puede sustituir administraciones separadas en determinadas edades o situaciones de abastecimiento."
MLZ-028,Varicela monovalente,"Vacuna viva atenuada monovalente contra la varicela.","Uso infantil y en personas susceptibles según edad y condición clínica."
MLZ-029,Hepatitis A,"Vacuna inactivada monovalente contra la hepatitis A.","Uso infantil, en viajeros y en personas con indicaciones clínicas o epidemiológicas."
MLZ-030,Fiebre amarilla,"Vacuna viva atenuada contra la fiebre amarilla.","Indicada en zonas tropicales de riesgo, viajeros y respuesta epidemiológica; la indicación geográfica no forma parte del concepto de vacuna."
MLZ-031,Influenza inactivada trivalente,"Vacuna estacional inactivada contra tres cepas de virus influenza conforme a la composición recomendada para la temporada.","Usada en campañas anuales; la composición de cepas cambia por temporada sin crear necesariamente un código local nuevo."
MLZ-032,Influenza inactivada tetravalente,"Vacuna estacional inactivada contra cuatro cepas de virus influenza conforme a la composición recomendada para la temporada.","Puede coexistir con la formulación trivalente por compras públicas y privadas."
MLZ-033,Influenza no especificada,"Vacuna estacional contra influenza sin documentación de valencia, plataforma o formulación.","Concepto amplio para cargas históricas y registros externos; no implica que todas las vacunas contra influenza sean equivalentes."
MLZ-034,VPH tetravalente,"Vacuna recombinante contra los tipos 6, 11, 16 y 18 del virus del papiloma humano.","Usada en cohortes anteriores y todavía disponible en algunos canales de vacunación."
MLZ-035,VPH nonavalente,"Vacuna recombinante contra los tipos 6, 11, 16, 18, 31, 33, 45, 52 y 58 del virus del papiloma humano.","Formulación de introducción más reciente para adolescentes y otros grupos elegibles."
MLZ-036,VPH no especificada,"Vacuna contra el virus del papiloma humano cuyo registro no consigna los tipos incluidos.","Código heredado de un sistema anterior; se debe investigar el producto o la fecha antes de inferir la valencia."
MLZ-037,COVID-19 ARNm pediátrica,"Vacuna de ARN mensajero contra COVID-19 en formulación pediátrica de menor contenido antigénico.","La formulación pediátrica se distingue porque no es intercambiable administrativamente con la presentación de adolescentes y adultos. La variante de temporada se registra fuera de este código."
MLZ-038,COVID-19 ARNm adultos,"Vacuna de ARN mensajero contra COVID-19 en formulación para adolescentes y adultos.","La composición de variante o temporada se conserva como dato de producto o lote, no como parte del código local."
MLZ-039,COVID-19 de subunidad proteica,"Vacuna contra COVID-19 basada en proteína recombinante con adyuvante, en formulación para personas adultas o adolescentes según autorización.","Disponible como alternativa a plataformas de ARN mensajero en algunos prestadores."
MLZ-040,COVID-19 de vector viral,"Vacuna contra COVID-19 basada en un vector viral no replicante.","Código inactivo para nuevas compras ordinarias; se conserva por las aplicaciones realizadas durante la respuesta inicial a la pandemia."
MLZ-041,COVID-19 no especificada,"Vacuna contra COVID-19 sin plataforma, fabricante ni formulación etaria documentados.","Concepto de respaldo para certificados externos o registros migrados; requiere investigación para una alineación precisa."
MLZ-042,Rabia humana de cultivo celular,"Vacuna inactivada contra la rabia producida en cultivo celular para uso humano.","La misma vacuna puede registrarse en profilaxis preexposición o posexposición; el motivo y el número de dosis no crean códigos distintos."
MLZ-043,Fiebre tifoidea Vi,"Vacuna inyectable de polisacárido capsular Vi contra la fiebre tifoidea.","Uso en viajeros, personal expuesto y control focalizado según evaluación epidemiológica."
MLZ-044,Fiebre tifoidea oral,"Vacuna oral viva atenuada contra la fiebre tifoidea.","Se distingue de la formulación inyectable Vi por tecnología y vía de administración."
MLZ-045,Cólera oral inactivada,"Vacuna oral inactivada contra el cólera.","Uso excepcional para viajeros, personal de respuesta o control de brotes; no forma parte del calendario rutinario."
MLZ-046,Mpox no replicante,"Vacuna viva modificada no replicante contra viruela y mpox.","Uso focalizado en personas con exposición, riesgo elevado o durante respuesta a brotes."
MLZ-047,VSR recombinante materna,"Vacuna recombinante contra el virus sincitial respiratorio autorizada para administración durante el embarazo con el fin de proteger al lactante.","Este código representa vacuna activa materna y no un anticuerpo monoclonal administrado al recién nacido."
MLZ-048,Herpes zóster recombinante,"Vacuna recombinante con adyuvante contra herpes zóster.","Uso en adultos mayores y personas inmunocomprometidas; se distingue de formulaciones vivas históricas no incluidas en el catálogo activo."
