ATC,NUVA,ATC label, NUVA label
ATC-J07,#MISS,"VACCINES",
ATC-J07A,#MISS,"BACTERIAL VACCINES",
ATC-J07AC,#MISS,"Anthrax vaccines",
ATC-J07AC01,VAC0804,"anthrax antigen","Anthrax vaccine, unspecified"
ATC-J07AD,#MISS,"Brucellosis vaccines",
ATC-J07AD01,VAC0162,"brucella antigen","Brucellosis vaccine, unspecified"
ATC-J07AE,#MISS,"Cholera vaccines",
ATC-J07AE01,VAC1107,"cholera, inactivated, whole cell","Cholera whole inactivated vaccine, unspecified"
ATC-J07AE02,VAC0806,"cholera, live attenuated","Cholera live attenuated vaccine, unspecified"
ATC-J07AE51,VAC0807,"cholera, combinations with typhoid vaccine, inactivated, whole cell","Cholera-Typhoid inactivated vaccine, unspecified"
ATC-J07AF,#MISS,"Diphtheria vaccines",
ATC-J07AF01,VAC0655,"diphtheria toxoid","Diphtheria vaccine, unspecified"
ATC-J07AG,#MISS,"Haemophilus influenzae B vaccines",
ATC-J07AG01,VAC0143,"haemophilus influenzae B, purified antigen conjugated","Haemophilus influenzae B (or Hib) vaccine, unspecified"
ATC-J07AG51,VAC0775,"haemophilus influenzae B, combinations with toxoids","Diphtheria (standard dose), tetanus, pertussis (whole-cell inactivated) and Haemophilus influenzae type b (conjugated) vaccine (DTwPHib), pediatric"
ATC-J07AG52,VAC0800,"haemophilus influenzae B, combinations with pertussis and toxoids","Diphtheria-tetanus-pertussis-Hib vaccine, unspecified"
ATC-J07AG53,VAC0798,"haemophilus influenzae B, combinations with meningococcus C, conjugated","Hib-MeningoC vaccine, unspecified"
ATC-J07AG54,VAC0808,"haemophilus influenza B, combinations with meningococcus C,Y, conjugated","Haemophilus influenzae type b and meningococcal conjugate (serogroups C and Y) vaccine, unspecified"
ATC-J07AH,#MISS,"Meningococcal vaccines",
ATC-J07AH01,VAC0865,"meningococcus A, purified polysaccharides antigen","Meningococcal A unconjugated polysaccharide vaccine, unspecified"
ATC-J07AH02,VAC0809,"other meningococcal monovalent purified polysaccharides antigen","Meningococcal monovalent polysaccharide vaccine, unspecified"
ATC-J07AH03,VAC0151,"meningococcus A,C, bivalent purified polysaccharides antigen","Meningococcal A + C vaccine, unspecified"
ATC-J07AH04,VAC0152,"meningococcus A,C,Y,W-135, tetravalent purified polysaccharides antigen","Meningococcal ACWY unconjugated vaccine, unspecified"
ATC-J07AH05,VAC0810,"other meningococcal polyvalent purified polysaccharides antigen","Meningococcal polyvalent polysaccharide vaccine, unspecified"
ATC-J07AH06,VAC0149,"meningococcus B, outer membrane vesicle vaccine","Meningococcal B:14:P1.7,16 vaccine, unspecified"
ATC-J07AH07,VAC0150,"meningococcus C, purified polysaccharides antigen conjugated","Meningococcal conjugate vaccine C, unspecified"
ATC-J07AH08,VAC0643,"meningococcus A,C,Y,W-135, tetravalent purified polysaccharides antigen conjugated","Meningococcal ACWY conjugate vaccine, unspecified"
ATC-J07AH09,VAC0861,"meningococcus B, multicomponent vaccine","Meningococcal B multicomponent vaccine, unspecified"
ATC-J07AH10,VAC0866,"meningococcus A, purified polysaccharides antigen conjugated","Meningococcal A conjugate polysaccharide vaccine, unspecified"
ATC-J07AH11,#MISS,"meningococcus A,B,C,Y,W-135, pentavalent purified polysaccharides antigen conjugated and factor H binding protein",
ATC-J07AJ,#MISS,"Pertussis vaccines",
ATC-J07AJ01,VAC0163,"pertussis, inactivated, whole cell","Pertussis whole-cell inactivated vaccine, unspecified"
ATC-J07AJ02,VAC0795,"pertussis, purified antigen","Acellular pertussis vaccine, unspecified"
ATC-J07AJ51,VAC0136,"pertussis, inactivated, whole cell, combinations with toxoids","DTwP - Diphtheria-Tetanus-Pertussis, unspecified"
ATC-J07AJ52,VAC0797,"pertussis, purified antigen, combinations with toxoids","Diph-T-aP/ap, unspecified"
ATC-J07AK,#MISS,"Plague vaccines",
ATC-J07AK01,VAC0812,"plague, inactivated, whole cell","Plague inactivated whole vaccine, unspecified"
ATC-J07AL,#MISS,"Pneumococcal vaccines",
ATC-J07AL01,VAC0813,"pneumococcus, purified polysaccharides antigen","Pneumococcal unconjugated polysaccharide vaccine, unspecified"
ATC-J07AL02,VAC0814,"pneumococcus, purified polysaccharides antigen conjugated","Pneumococcal conjugate vaccine, serotypes unspecified"
ATC-J07AL52,VAC0815,"pneumococcus purified polysaccharides antigen and haemophilus influenzae, conjugated","Pneumo-Hib, unspecified"
ATC-J07AM,#MISS,"Tetanus vaccines",
ATC-J07AM01,VAC0132,"tetanus toxoid","Tetanus vaccine, unspecified"
ATC-J07AM51,VAC0382,"tetanus toxoid, combinations with diphtheria toxoid","Tetanus diphtheria vaccine, unspecified"
ATC-J07AM52,#MISS,"tetanus toxoid, combinations with tetanus immunoglobulin",
ATC-J07AN,#MISS,"Tuberculosis vaccines",
ATC-J07AN01,VAC0134,"tuberculosis, live attenuated","BCG vaccine, unspecified"
ATC-J07AP,#MISS,"Typhoid vaccines",
ATC-J07AP01,VAC0424,"typhoid, oral, live attenuated","Typhoid live attenuated oral vaccine, unspecified"
ATC-J07AP02,VAC0817,"typhoid, inactivated, whole cell","Typhoid inactivated vaccine, unspecified"
ATC-J07AP03,VAC0713,"typhoid, purified polysaccharide antigen","Typhoid polysaccharide vaccine, unspecified"
ATC-J07AP10,VAC0818,"typhoid, combinations with paratyphi types","Typhoid-Paratyphoid vaccine, unspecified"
ATC-J07AR,#MISS,"Typhus (exanthematicus) vaccines",
ATC-J07AR01,VAC0512,"typhus exanthematicus, inactivated, whole cell","Typhus vaccine, unspecified"
ATC-J07AX,#MISS,"Other bacterial vaccines",
ATC-J07AX01,#MISS,"leptospira vaccines",
ATC-J07B,#MISS,"VIRAL VACCINES",
ATC-J07BA,#MISS,"Encephalitis vaccines",
ATC-J07BA01,VAC0145,"encephalitis, tick borne, inactivated, whole virus","Tick-borne encephalitis vaccine, unspecified"
ATC-J07BA02,VAC0819,"encephalitis, Japanese, inactivated, whole virus","Japanese Encephalitis inactivated vaccine, unspecified"
ATC-J07BA03,VAC0881,"encephalitis, Japanese, live attenuated","Japanese Encephalitis live attenuated vaccine, unspecified"
ATC-J07BB,#MISS,"Influenza vaccines",
ATC-J07BB01,VAC0820,"influenza, inactivated, whole virus","Influenza inactivated whole vaccine, unspecified"
ATC-J07BB02,VAC0821,"influenza, inactivated, split virus or surface antigen","Influenza inactivated vaccine, split or subunit, unspecified"
ATC-J07BB03,VAC0822,"influenza, live attenuated","Influenza vaccine, live attenuated, unspecified"
ATC-J07BB04,VAC0823,"influenza, virus like particles","Influenza VLP vaccine, unspecified"
ATC-J07BB05,#MISS,"influenza, RNA-based vaccine",
ATC-J07BB55,#MISS,"influenza and covid-19, RNA-based vaccine",
ATC-J07BC,#MISS,"Hepatitis vaccines",
ATC-J07BC01,VAC0101,"hepatitis B, purified antigen","Hepatitis B vaccine, recombinant, unspecified"
ATC-J07BC02,VAC0102,"hepatitis A, inactivated, whole virus","Hepatitis A inactivated vaccine, unspecified"
ATC-J07BC20,VAC0825,"combinations","Hepatitis A and hepatitis B combined vaccine, unspecified"
ATC-J07BD,#MISS,"Measles vaccines",
ATC-J07BD01,VAC0114,"measles, live attenuated","Measles live attenuated vaccine, unspecified"
ATC-J07BD51,VAC0623,"measles, combinations with mumps, live attenuated","Measles-mumps vaccine, unspecified"
ATC-J07BD52,VAC0130,"measles, combinations with mumps and rubella, live attenuated","MMR Measles-Mumps-Rubella Vaccine, live attenuated, unspecified"
ATC-J07BD53,VAC0550,"measles, combinations with rubella, live attenuated","Measles and rubella live attenuated vaccine, unspecified"
ATC-J07BD54,VAC0827,"measles, combinations with mumps, rubella and varicella, live attenuated","Measles, mumps, rubella and varicella (MMRV) live attenuated vaccine, unspecified"
ATC-J07BE,#MISS,"Mumps vaccines",
ATC-J07BE01,VAC0153,"mumps, live attenuated","Mumps vaccine, unspecified"
ATC-J07BF,#MISS,"Poliomyelitis vaccines",
ATC-J07BF01,VAC0802,"poliomyelitis oral, monovalent, live attenuated","Poliomyelitis live attenuated monovalent oral vaccine, unspecified"
ATC-J07BF02,VAC0320,"poliomyelitis oral, trivalent, live attenuated","Poliomyelitis trivalent vaccine, live attenuated"
ATC-J07BF03,VAC0270,"poliomyelitis, trivalent, inactivated, whole virus","Poliomyelitis inactivated vaccine, unspecified"
ATC-J07BF04,VAC0600,"poliomyelitis oral, bivalent, live attenuated","Poliomyelitis OPV bivalent 1-3, unspecified"
ATC-J07BG,#MISS,"Rabies vaccines",
ATC-J07BG01,VAC0131,"rabies, inactivated, whole virus","Rabies vaccine, unspecified"
ATC-J07BH,#MISS,"Rota virus diarrhea vaccines",
ATC-J07BH01,VAC0158,"rota virus, live attenuated","Rotavirus vaccine, unspecified"
ATC-J07BH02,VAC0828,"rota virus, pentavalent, live, reassorted","Rotavirus pentavalent vaccine, unspecified"
ATC-J07BJ,#MISS,"Rubella vaccines",
ATC-J07BJ01,VAC0113,"rubella, live attenuated","Rubella vaccine, live attenuated, unspecified"
ATC-J07BJ51,VAC0829,"rubella, combinations with mumps, live attenuated","Rubella-Mumps vaccine, unspecified"
ATC-J07BK,#MISS,"Varicella zoster vaccines",
ATC-J07BK01,VAC0159,"varicella, live attenuated","Chickenpox vaccine, unspecified"
ATC-J07BK02,VAC0160,"zoster, live attenuated","Shingles live attenuated vaccine, unspecified"
ATC-J07BK03,VAC0830,"zoster, purified antigen","Shingles subunit vaccine, unspecified"
ATC-J07BL,#MISS,"Yellow fever vaccines",
ATC-J07BL01,VAC0111,"yellow fever, live attenuated","Yellow fever vaccine, unspecified"
ATC-J07BM,#MISS,"Papillomavirus vaccines",
ATC-J07BM01,VAC0859,"papillomavirus (human types 6, 11, 16, 18)","HPV vaccine quadrivalent, unspecified"
ATC-J07BM02,VAC0858,"papillomavirus (human types 16, 18)","HPV vaccine bivalent, unspecified"
ATC-J07BM03,VAC0860,"papillomavirus (human types 6, 11, 16, 18, 31, 33, 45, 52, 58)","HPV vaccine nonavalent, unspecified"
ATC-J07BN,#MISS,"Covid-19 vaccines",
ATC-J07BN01,VAC1041,"covid-19, RNA-based vaccine","COVID-19 mRNA vaccine, unspecified"
ATC-J07BN02,VAC1042,"covid-19, viral vector, non-replicating","COVID-19 vaccine, non-replicating viral vector, unspecified"
ATC-J07BN03,VAC1044,"covid-19, inactivated virus","COVID-19 vaccine, whole virion inactivated, unspecified"
ATC-J07BN04,VAC1043,"covid-19, protein subunit","COVID-19 vaccine, protein subunit, unspecified"
ATC-J07BN05,VAC1106,"covid-19, virus-like particles","COVID-19 VLP vaccine, unspecified"
ATC-J07BP,VAC1277,"Chikungunya vaccines","Chikungunya vaccine, unspecified"
ATC-J07BP01,VAC1198,"chikungunya, live attenuated","Chinkungunya vaccine, live attenuated, unspecified"
ATC-J07BP02,VAC1419,"chikungunya, virus-like particles","Chikungunya VLP vaccine (recombinant, adsorbed)"
ATC-J07BX,#MISS,"Other viral vaccines",
ATC-J07BX01,VAC0133,"smallpox and mpox vaccines","Smallpox vaccine, unspecified"
ATC-J07BX02,VAC0831,"ebola vaccines","Ebola vaccine, unspecified"
ATC-J07BX04,VAC0155,"dengue virus vaccines","Dengue vaccine, unspecified"
ATC-J07BX05,#MISS,"respiratory syncytial virus vaccines",
ATC-J07BX06,#MISS,"enterovirus 71 vaccines",
ATC-J07C,#MISS,"BACTERIAL AND VIRAL VACCINES, COMBINED",
ATC-J07CA,#MISS,"Bacterial and viral vaccines, combined",
ATC-J07CA01,VAC0855,"diphtheria-poliomyelitis-tetanus","Diphtheria (unspecified dose), tetanus and inactivated polio (trivalent) vaccine, adsorbed"
ATC-J07CA02,VAC0585,"diphtheria-pertussis-poliomyelitis-tetanus","TdapIPV - Diphtheria-Tetanus-Pertussis-Polio vaccine, low dose, unspecified"
ATC-J07CA03,VAC0787,"diphtheria-rubella-tetanus","Diphtheria (dose unspecified), tetanus and rubella vaccine, unspecified"
ATC-J07CA04,#MISS,"haemophilus influenzae B and poliomyelitis",
ATC-J07CA05,VAC0857,"diphtheria-hepatitis B-pertussis-tetanus","Diphtheria (standard dose), tetanus, pertussis (acellular standard dose or whole-inactivated) and hepatitis B (recombinant) vaccine, pediatric"
ATC-J07CA06,VAC0880,"diphtheria-haemophilus influenzae B-pertussis-poliomyelitis-tetanus","Diphtheria (standard dose), tetanus, pertussis, Haemophilus influenzae type b (conjugated) and inactivated polio (trivalent) pentavalent DTPerHibIPV vaccine, adsorbed, pediatric"
ATC-J07CA07,VAC0790,"diphtheria-hepatitis B-tetanus","Diphtheria, tetanus and hepatitis B (recombinant) vaccine, unspecified"
ATC-J07CA08,VAC0801,"haemophilus influenzae B and hepatitis B","Haemophilus influenzae type b and hepatitis B vaccine, unspecified"
ATC-J07CA09,VAC0552,"diphtheria-haemophilus influenzae B-pertussis-poliomyelitis-tetanus-hepatitis B","Hexavalent vaccine DTPCaHibHepB - Diphtheria-Tetanus-Polio-Acellular Pertussis-Hib-HepB, unspecified"
ATC-J07CA10,VAC0712,"typhoid-hepatitis A","Typhoid-hepatitis A vaccine, unspecified"
ATC-J07CA11,VAC0599,"diphtheria-haemophilus influenzae B-pertussis-tetanus-hepatitis B","DTPerHibHepB pentavalent vaccine, unspecified"
ATC-J07CA12,VAC0792,"diphtheria-pertussis-poliomyelitis-tetanus-hepatitis B","Diphtheria-Tetanus-Pertussis-Polio-Hepatitis B pentavalent vaccine, unspecified"
ATC-J07CA13,#MISS,"diphtheria-haemophilus influenzae B-pertussis-tetanus-hepatitis B-meningococcus A + C",
ATC-J07X,#MISS,"OTHER VACCINES",
ATC-J07XA,#MISS,"Parasitic vaccines",
ATC-J07XA01,#MISS,"malaria vaccines",
