CIS,NUVA,CIS label, NUVA label
CIS-62304711,VAC0001,"ACT-HIB 10 microgrammes/0,5 ml, poudre et solvant pour solution injectable en flacon multidose. Vaccin conjugué de l'Haemophilus type b","ACT-HIB"
CIS-61921204,VAC0002,"AGRIPPAL, suspension injectable en seringue préremplie. Vaccin grippal inactivé (antigènes de surface)","AGRIPPAL"
CIS-62756524,VAC0003,"AVAXIM 160 U, suspension injectable en seringue préremplie. Vaccin de l'hépatite A (inactivé, adsorbé)","AVAXIM 160 U"
CIS-66974680,VAC0005,"DUKORAL, suspension et poudre effervescente pour suspension buvable.Vaccin du choléra (inactivé, buvable)","DUKORAL"
CIS-65577284,VAC0006,"FLUVIRINE, suspension injectable en seringue pré-remplie. Vaccin grippal inactivé à antigènes de surface","FLUVIRINE"
CIS-67230624,VAC0008,"GRIPGUARD, suspension injectable en seringue préremplie, vaccin grippal inactivé à antigènes de surface avec adjuvant MF59C.1","GRIPGUARD"
CIS-64646891,VAC0009,"HBVAXPRO 10 microgrammes, suspension injectable en seringue préremplie. Vaccin de l'hépatite B (ADNr)","HBVAXPRO 10 µg"
CIS-67633301,VAC0009,"HBVAXPRO 10 microgrammes, suspension injectable. Vaccin de l'hépatite B (ADNr)","HBVAXPRO 10 µg"
CIS-64757607,VAC0010,"HBVAXPRO 40 microgrammes, suspension injectable. Vaccin de l'hépatite B (ADNr)","HBVAXPRO 40 µg"
CIS-65402616,VAC0011,"HBVAXPRO 5 microgrammes, suspension injectable. Vaccin de l'hépatite B (ADNr)","HBVAXPRO 5 µg"
CIS-69352630,VAC0011,"HBVAXPRO 5 microgrammes, suspension injectable en seringue préremplie. Vaccin de l'hépatite B (ADNr)","HBVAXPRO 5 µg"
CIS-65393793,VAC0012,"IMMUGRIP, suspension injectable en seringue préremplie. Vaccin grippal (inactivé, à virion fragmenté)","IMMUGRIP"
CIS-60558497,VAC0013,"IMOVAX POLIO, suspension injectable en multidose. Vaccin poliomyélitique (inactivé)","IMOVAX POLIO"
CIS-63513354,VAC0013,"IMOVAX POLIO, suspension injectable en seringue préremplie. Vaccin poliomyélitique (inactivé)","IMOVAX POLIO"
CIS-62027876,VAC0016,"INFLUVAC, suspension injectable en seringue préremplie, vaccin grippal inactivé à antigènes de surface","INFLUVAC 0,5 mL"
CIS-63156183,VAC0016,"INFLUVAC, suspension injectable en seringue préremplie. Vaccin grippal inactivé à antigènes de surface","INFLUVAC 0,5 mL"
CIS-69976327,VAC0016,"INFLUVAC, suspension injectable, vaccin grippal inactivé à antigènes de surface","INFLUVAC 0,5 mL"
CIS-67503845,VAC0019,"MENINGITEC, suspension injectable, Vaccin méningococcique du groupe C oligosidique conjugué (adsorbé)","MENINGITEC"
CIS-69391124,VAC0019,"MENINGITEC, suspension injectable en seringue préremplie. Vaccin méningococcique du sérogroupe C oligosidique conjugué (adsorbé)","MENINGITEC"
CIS-67973670,VAC0020,"MENJUGATEKIT10 microgrammes, poudre et solvant pour suspension injectable. Vaccin conjugué méningococcique groupe C","MENJUGATEKIT 10 µg"
CIS-63483669,VAC0021,"MUTAGRIP, suspension injectable en flacon multidose. vaccin grippal inactivé à virion fragmenté","MUTAGRIP"
CIS-67469994,VAC0021,"MUTAGRIP, suspension injectable en seringue préremplie. Vaccin grippal (inactivé, à virion fragmenté)","MUTAGRIP"
CIS-67933188,VAC0021,"MUTAGRIP, suspension injectable en ampoule vaccin grippal inactivé à virion fragmenté","MUTAGRIP"
CIS-69261547,VAC0022,"NEISVAC, suspension injectable en seringue préremplie. Vaccin méningococcique polyosidique du groupe C (conjugué, adsorbé)","NEISVAC"
CIS-68587814,VAC0026,"PREVIGRIP, suspension injectable en seringue préremplie, vaccin grippal inactivé à virion fragmenté","PREVIGRIP"
CIS-60163226,VAC0028,"RABIPUR, poudre et solvant pour solution injectable. Vaccin rabique (inactivé)","RABIPUR"
CIS-66800338,VAC0028,"RABIPUR, poudre et solvant pour solution injectable en seringue préremplie. Vaccin rabique (inactivé)","RABIPUR"
CIS-66396810,VAC0031,"ROTATEQ, solution buvable. Vaccin Rotavirus (vivant, oral)","ROTATEQ"
CIS-60043248,VAC0032,"ROUVAX, poudre et solvant pour suspension injectable. Vaccin rougeoleux vivant","ROUVAX"
CIS-65318260,VAC0032,"ROUVAX, poudre et solvant pour suspension injectable en flacon multidose, vaccin vivant hyperatténué contre la rougeole","ROUVAX"
CIS-64774663,VAC0033,"RUDIVAX, poudre et solvant pour suspension injectable. Vaccin rubéoleux atténué.","RUDIVAX"
CIS-64175998,VAC0034,"SPIROLEPT 200 millions U/ml, suspension injectable en seringue préremplie. Vaccin leptospires inactivé","SPIROLEPT"
CIS-62102962,VAC0035,"STAMARIL, poudre et solvant pour suspension injectable en seringue préremplie. Vaccin de la fièvre jaune (Vivant)","STAMARIL"
CIS-68844917,VAC0035,"STAMARIL, poudre et solvant pour suspension injectable en récipient multidose, Vaccin de la fièvre jaune (vivant)","STAMARIL"
CIS-69663909,VAC0038,"TICOVAC 0,5 ml ADULTES, suspension injectable en seringue préremplie. Vaccin de l'encéphalite à tiques (virus entier inactivé)","TICOVAC 0,5 mL"
CIS-61440306,VAC0039,"TICOVAC 0,25 ml ENFANTS, suspension injectable en seringue préremplie. Vaccin de l'encéphalite à tiques (virus entier inactivé)","TICOVAC 0,25 mL"
CIS-60364631,VAC0041,"TYPHIM Vi, solution injectable en multidose. Vaccin typhoïdique polyosidique","TYPHIM VI"
CIS-68790394,VAC0041,"TYPHIM Vi, solution injectable en seringue préremplie. Vaccin typhoïdique polyosidique","TYPHIM VI"
CIS-65782652,VAC0045,"ENGERIX B 10 microgrammes/0,5 mL, suspension injectable en seringue préremplie. Vaccin de l'hépatite B (ADNr), (adsorbé) (VHB)","ENGERIX B 10 µg"
CIS-69819678,VAC0045,"ENGERIX B 10 microgrammes/0,5 ml, suspension injectable. Vaccin de l'hépatite B recombinant, adsorbé","ENGERIX B 10 µg"
CIS-62279329,VAC0046,"ENGERIX B 20 microgrammes/1 mL, suspension injectable en seringue préremplie. Vaccin de l'hépatite B (ADNr), (adsorbé) (VHB)","ENGERIX B 20 µg"
CIS-63624632,VAC0046,"ENGERIX B 20 microgrammes/1 ml, suspension injectable. Vaccin de l'hépatite B recombinant, adsorbé","ENGERIX B 20 µg"
CIS-69447142,VAC0047,"FLUARIX, suspension injectable en seringue préremplie. Vaccin grippal inactivé à virion fragmenté","FLUARIX"
CIS-60738424,VAC0048,"VACCIN GENHEVAC B PASTEUR 20 microgrammes/0,5 ml, suspension injectable, vaccin de l'hépatite B recombinant","GENHEVAC B PASTEUR"
CIS-62493849,VAC0048,"VACCIN GENHEVAC B PASTEUR 20 microgrammes/0,5 ml,suspension injectable en seringue préremplie, vaccin de l'hépatite B recombinant","GENHEVAC B PASTEUR"
CIS-60386414,VAC0049,"HAVRIX 1440 U/1 mL ADULTES, suspension injectable en seringue préremplie. Vaccin de l'hépatite A (inactivé, adsorbé)","HAVRIX 1440 U/1mL"
CIS-66600889,VAC0049,"HAVRIX ADULTES 1440 U/1 ml, suspension injectable en unidose. vaccin inactivé de l'hépatite A adsorbé","HAVRIX 1440 U/1mL"
CIS-60152436,VAC0050,"HAVRIX NOURRISSONS ET ENFANTS 720 U/0,5 mL, suspension injectable en seringue préremplie. Vaccin de l'hépatite A (inactivé, adsorbé)","HAVRIX 720 U/0,5 mL"
CIS-69617616,VAC0050,"HAVRIX NOURRISSONS ET ENFANTS 720 U/0,5 ml , suspension injectable en unidose. vaccin inactivé de l'hépatite A adsorbé","HAVRIX 720 U/0,5 mL"
CIS-63461516,VAC0054,"VACCIN RABIQUE PASTEUR, poudre et solvant pour suspension injectable en récipient multidose. Vaccin rabique pour usage humain préparé sur cultures cellulaires (inactivé)","VACCIN RABIQUE PASTEUR"
CIS-67498113,VAC0054,"VACCIN RABIQUE PASTEUR, poudre et solvant pour suspension injectable. Vaccin rabique pour usage humain préparé sur cultures cellulaires (inactivé)","VACCIN RABIQUE PASTEUR"
CIS-67718545,VAC0054,"VACCIN RABIQUE PASTEUR, poudre et solvant pour suspension injectable. Vaccin rabique, inactivé","VACCIN RABIQUE PASTEUR"
CIS-60017659,VAC0056,"VACCIN TETANIQUE PASTEUR, suspension injectable en multidose vaccin tétanique adsorbé","VACCIN TETANIQUE PASTEUR"
CIS-65076266,VAC0056,"VACCIN TETANIQUE PASTEUR, suspension injectable en unidose vaccin tétanique adsorbé","VACCIN TETANIQUE PASTEUR"
CIS-68747507,VAC0056,"VACCIN TETANIQUE PASTEUR, suspension injectable en seringue préremplie. Vaccin tétanique adsorbé","VACCIN TETANIQUE PASTEUR"
CIS-69107862,VAC0059,"TYPHERIX, solution injectable en seringue préremplie Vaccin typhoïdique polyosidique","TYPHERIX"
CIS-62521070,VAC0060,"VARILRIX, poudre et solvant pour solution injectable en seringue préremplie. Vaccin varicelleux (vivant)","VARILRIX"
CIS-69201849,VAC0061,"VARIVAX, poudre et solvant pour suspension injectable en seringue préremplie. Vaccin varicelleux (vivant)","VARIVAX"
CIS-61777031,VAC0062,"VAXIGRIP, suspension injectable en flacon multidose. Vaccin grippal (inactivé, à virion fragmenté)","VAXIGRIP"
CIS-62482112,VAC0062,"VAXIGRIP, suspension injectable en seringue préremplie. Vaccin grippal (inactivé, à virion fragmenté)","VAXIGRIP"
CIS-68622012,VAC0062,"VAXIGRIP, suspension injectable en ampoule, vaccin grippal inactivé à virion fragmenté","VAXIGRIP"
CIS-69675854,VAC0062,"VAXIGRIP suspension injectable en seringue préremplie. Vaccin grippal trivalent (inactivé, à virion fragmenté)","VAXIGRIP"
CIS-68007738,VAC0068,"MONOVAX, vaccin tuberculeux atténué, suspension pour multipuncture","MONOVAX"
CIS-62816512,VAC0073,"IXIARO, suspension injectable. Vaccin de l'encéphalite japonaise (inactivé, adsorbé)","IXIARO"
CIS-63661513,VAC0077,"IMOVAX OREILLONS, poudre et solvant pour préparation injectable. vaccin à virus vivants atténués contre les oreillons","IMOVAX Mumps"
CIS-69431992,VAC0079,"ENCEPUR 1,5 microgrammes/0,5 ml, suspension injectable en seringue préremplie. Vaccin de l'encéphalite à tiques (inactivé, adsorbé)","ENCEPUR"
CIS-67511443,VAC0080,"VACCIN BCG PASTEUR INTRADERMIQUE, poudre et solvant pour suspension injectable","BCG PASTEUR"
CIS-62105257,VAC0086,"TETAVAX, suspension injectable en multidose. Vaccin tétanique adsorbé","TETAVAX"
CIS-63715815,VAC0086,"TETAVAX, suspension injectable en seringue préremplie. Vaccin tétanique adsorbé","TETAVAX"
CIS-66344226,VAC0086,"TETAVAX, suspension injectable en unidose. Vaccin tétanique adsorbé","TETAVAX"
CIS-61895802,VAC0099,"MENINVACT, poudre et solvant pour suspension injectable, vaccin meningococcique du groupe C oligosidique conjugué (adsorbé)","MENINVACT"
CIS-66304783,VAC0105,"PANENZA, suspension injectable en flacon multidose. Vaccin grippal (H1N1)v (virion fragmenté, inactivé)","PANENZA"
CIS-68229315,VAC0105,"PANENZA, suspension injectable en seringue préremplie. Vaccin grippal (H1N1)v (virion fragmenté, inactivé)","PANENZA"
CIS-66384167,VAC0107,"CELVAPAN, suspension injectable. Vaccin grippal pandémique (H1N1) (virion entier, cultivé sur cellule Vero, inactivé)","CELVAPAN"
CIS-63343973,VAC0108,"PANDEMRIX suspension et émulsion pour émulsion injectable. Vaccin grippal (H1N1)v (virion fragmenté, inactivé, avec adjuvant)","PANDEMRIX"
CIS-64566840,VAC0109,"FOCETRIA, suspension injectable en seringue préremplie. Vaccin grippal pandémique (antigène de surface, inactivé, avec adjuvant)","FOCETRIA (unidose)"
CIS-63777215,VAC0115,"AVAXIM 80 U PEDIATRIQUE, suspension injectable en seringue préremplie. Vaccin de l'hépatite A (inactivé, adsorbé)","AVAXIM 80 U"
CIS-63937933,VAC0115,"AVAXIM 80 U PEDIATRIQUE, suspension injectable en récipient multidose. Vaccin de l'hépatite A (inactivé, adsorbé)","AVAXIM 80 U"
CIS-63100868,VAC0124,"FOCETRIA, suspension injectable en récipient multidose. Vaccin grippal pandémique (antigène de surface, inactivé, avec adjuvant)","FOCETRIA (multidose)"
CIS-62150850,VAC0127,"HB VAX DNA 5 microgrammes/0,5 ml, suspension injectable vaccin de l'hépatite B recombinant","HB VAX DNA 5 µg"
CIS-68554928,VAC0127,"HB VAX DNA 5 microgrammes/0,5 ml, suspension injectable en seringue pré-remplie, vaccin de l'hépatite B recombinant","HB VAX DNA 5 µg"
CIS-61781987,VAC0128,"HB VAX DNA 10 microgrammes/1 ml, suspension injectable en seringue pré-remplie, vaccin de l'hépatite B recombinant","HB VAX DNA 10 µg"
CIS-68716383,VAC0128,"HB VAX DNA 10 microgrammes/1 ml, suspension injectable, vaccin de l'hépatite B recombinant","HB VAX DNA 10 µg"
CIS-63011985,VAC0129,"HB VAX DNA 40 microgrammes/ 1 ml, suspension injectable vaccin de l'hépatite B recombinant","HB VAX DNA 40 µg"
CIS-69532557,VAC0140,"INTANZA 15 microgrammes/souche, suspension injectable. Vaccin grippal (inactivé, à virion fragmenté)","INTANZA"
CIS-60956323,VAC0161,"ZOSTAVAX, poudre et solvant pour suspension injectable en seringue préremplie. Vaccin zona (vivant atténué)","ZOSTAVAX"
CIS-61060930,VAC0161,"ZOSTAVAX, poudre et solvant pour suspension injectable. Vaccin zona (vivant aténué)","ZOSTAVAX"
CIS-62023917,VAC0164,"INTANZA 9 microgrammes/souche, suspension injectable. Vaccin grippal (inactivé, à virion fragmenté)","INTANZA 9 µg"
CIS-66339492,VAC0165,"VAQTA 25 U/0,5 mL, suspension injectable en seringue préremplie. Vaccin de l'hépatite A, inactivé, adsorbé. Pour enfants et adolescents","VAQTA 25 U/0,5 mL"
CIS-62087670,VAC0166,"VAQTA 50 U/1 ml, suspension injectable en seringue préremplie. Vaccin de l’hépatite A, inactivé, adsorbé. Pour adultes","VAQTA 50 U"
CIS-68471674,VAC0169,"OPTAFLU, suspension injectable en seringue préremplie. Vaccin grippal (antigène de surface, inactivé, préparé à partir de cultures cellulaires)","OPTAFLU"
CIS-65525113,VAC0173,"FLUENZ, suspension pour pulvérisation nasale. Vaccin grippal (vivant atténué, nasal)","FLUENZ"
CIS-66557142,VAC0173,"FLUENZ, suspension pour pulvérisation nasale. Vaccin grippal (vivant atténué, nasal)","FLUENZ"
CIS-64036265,VAC0227,"EPAXAL, suspension injectable en seringue préremplie. Vaccin de l'hépatite A (inactivé, virosomal)","EPAXAL"
CIS-64090291,VAC0230,"FLUAD suspension injectable en seringue préremplie.Vaccin antigrippal (antigènes de surface, inactivé, avec adjuvant)","FLUAD"
CIS-62565946,VAC0247,"HibTITER, solution injectable","HIBTITER"
CIS-62687284,VAC0252,"VAXIGRIP ENFANTS, suspension injectable en seringue préremplie. Vaccin grippal (inactivé, à virion fragmenté)","VAXIGRIP ENFANTS"
CIS-68510344,VAC0451,"VIVOTIF, gélule gastro-résistante","VIVOTIF"
CIS-62339477,VAC0477,"PUMARIX, suspension et emulsion pour émulsion injectable. Vaccin grippal pandémique (H5N1) (virion fragmenté, inactivé, avec adjuvant)","PUMARIX"
CIS-61173458,VAC0480,"FENDRIX, suspension injectable.Vaccin de l'hépatite B (ADNr) (avec adjuvant, adsorbé)","FENDRIX"
CIS-63263203,VAC0492,"AFLURIA, suspension injectable en seringue préremplie. Vaccin gippal (virion fragmenté, inactivé)","AFLURIA"
CIS-64493883,VAC0495,"BEXSERO suspension injectable en seringue préremplie. Vaccin méningococcique groupe B (ADNr, composant, adsorbé)","BEXSERO"
CIS-68979473,VAC0505,"HIBEST, VACCIN HAEMOPHILUS TYPE B CONJUGUE, lyophilisat et solution pour usage parentéral (I.M., S.C.) avec seringue","HIBEST"
CIS-60755263,VAC0514,"ROTARIX, suspension buvable en applicateur prérempli pour administration orale. Vaccin à rotavirus, vivant","ROTARIX"
CIS-60886387,VAC0514,"ROTARIX, suspension buvable en tube souple. Vaccin à rotavirus, vivant","ROTARIX"
CIS-64984697,VAC0514,"ROTARIX, poudre et solvant pour suspension buvable. Vaccin à rotavirus vivant","ROTARIX"
CIS-62464573,VAC0517,"FLUARIXTETRA, suspension injectable en seringue préremplie. Vaccin grippal inactivé à virion fragmenté","FLUARIXTETRA"
CIS-60215623,VAC0966,"IMVANEX, suspension injectable . Vaccin antivariolique et anti-variole du singe (virus vivant modifié de la vaccine Ankara)","JYNNEOS"
CIS-62818082,VAC0521,"FLUENZ TETRA, suspension pour pulvérisation nasale. Vaccin grippal (vivant atténué, nasal)","FLUENZ TETRA"
CIS-60245164,VAC0534,"MENJUGATE 10 microgrammes, suspension injectable. Vaccin conjugué méningococcique groupe C","MENJUGATE 10 µg"
CIS-60334798,VAC0534,"MENJUGATE, poudre et solvant pour suspension injectable vaccin meningococcique du groupe C oligosidique conjugué (adsorbé)","MENJUGATE 10 µg"
CIS-63301248,VAC0534,"MENJUGATE 10 microgrammes, suspension injectable en seringue préremplie. Vaccin conjugué méningococcique groupe C","MENJUGATE 10 µg"
CIS-69536790,VAC0539,"DENGVAXIA, poudre et solvant pour suspension injectable en seringue préremplie. Vaccin dengue quadrivalent (vivant, atténué)","DENGVAXIA"
CIS-61402736,VAC0560,"VAXIGRIPTETRA, suspension injectable en seringue préremplie. Vaccin grippal quadrivalent (inactivé, à virion fragmenté)","VAXIGRIPTETRA"
CIS-68257948,VAC0560,"VAXIGRIPTETRA, suspension injectable en flacon multidose,Vaccin grippal quadrivalent (inactivé, à virion fragmenté)","VAXIGRIPTETRA"
CIS-60716805,VAC0562,"INFLUVAC TETRA, suspension injectable en seringue préremplie. Vaccin grippal inactivé à antigènes de surface","INFLUVAC TETRA"
CIS-62887096,VAC0567,"SHINGRIX, poudre et suspension pour suspension injectable. Vaccin zona (recombinant, avec adjuvant)","SHINGRIX"
CIS-62216574,VAC0570,"HIBERIX 10 microgrammes/0,5 ml, poudre et solvant pour suspension injectable (IM) en seringue préremplie. Vaccin de l'Haemophilus influenzae type b (conjugué)","HIBERIX"
CIS-60730566,VAC0579,"CLAIRYG 50 mg/mL, solution pour perfusion","CLAIRYG 50 mg/mL"
CIS-65802140,VAC0582,"TRUMENBA, suspension injectable en seringue préremplie. Vaccin méningococcique groupe B (recombinant, adsorbé)","TRUMENBA"
CIS-62614126,VAC0586,"ERVEBO, solution injectable. Vaccin contre Ebola Zaïre (rVSVdeltaG-ZEBOV-GP, vivant)","Ervebo"
CIS-61077869,VAC0590,"VACCIN BCG AJVaccines, poudre et solvant pour suspension injectable. Vaccin BCG, lyophilisé","VACCIN BCG AJVACCINES"
CIS-62198717,VAC0593,"VERORAB, poudre et solvant pour suspension injectable. Vaccin rabique, inactivé","VERORAB"
CIS-65583006,VAC0593,"VERORAB, poudre et solvant pour suspension injectable. Vaccin rabique, inactivé","VERORAB"
CIS-65724720,VAC0593,"VERORAB, poudre et solvant pour suspension injectable en récipient multidose. Vaccin rabique pour usage humain préparé sur cultures cellulaires (inactivé)","VERORAB"
CIS-60590648,VAC0595,"FLUCELVAX TETRA, suspension injectable en seringue préremplie. Vaccin grippal inactivé (antigène de surface, préparé sur cultures cellulaires)","FLUCELVAX TETRA"
CIS-67395234,VAC0620,"IXCHIQ, poudre et solvant pour solution injectable. Vaccin contre le chikungunya (vivant)","IXCHIQ"
CIS-63179463,VAC0631,"MENINVACTKIT, poudre et solvant pour suspension injectable. Vaccin méningococcique du groupe C oligosidique conjugué (adsorbé)","MENINVACTKIT"
CIS-66738274,VAC0633,"ZABDENO suspension injectable, Vaccin contre Ebola (Ad26.ZEBOV-GP [recombinant])","ZABDENO"
CIS-67848058,VAC0634,"MVABEA suspension injectable. Vaccin contre Ebola (MVA-BN-Filo [recombinant])","MVABEA"
CIS-69091949,VAC0644,"QDENGA, poudre et solvant pour solution injectable en seringue préremplie","QDENGA"
CIS-62048742,VAC1347,"EFLUELDA, suspension injectable en seringue préremplie.Vaccin grippal trivalent (inactivé, à virion fragmenté), 60 microgrammes HA/souche","EFLUELDA"
CIS-67823603,VAC0649,"EFLUELDA TETRA, suspension injectable en seringue préremplie Vaccin grippal quadrivalent (inactivé, à virion fragmenté), 60 microgrammes HA/souche","EFLUELDA TETRA"
CIS-61875116,VAC0650,"VAXZEVRIA, suspension injectable. Vaccin COVID-19 (ChAdOx1-S [recombinant])","VAXZEVRIA ASTRAZENECA"
CIS-66689795,VAC0656,"SPIKEVAX 0,2 mg/mL, dispersion injectable. Vaccin à ARNm contre la COVID-19","SPIKEVAX 0,2 mg/mL MODERNA"
CIS-60495328,VAC0658,"COMIRNATY 30 microgrammes/dose, dispersion à diluer pour dispersion injectable. Vaccin à ARNm (à nucléoside modifié) contre la COVID-19","COMIRNATY 30 µg BIONTECH-PFIZER"
CIS-65456578,VAC0658,"COMIRNATY 30 microgrammes/dose, dispersion injectable.Vaccin à ARNm (à nucléoside modifié) contre la COVID-19","COMIRNATY 30 µg BIONTECH-PFIZER"
CIS-64798803,VAC0666,"JCOVDEN, suspension injectable Vaccin contre la COVID-19 (Ad26.COV2-S [recombinant])","JCOVDEN (former name: JANSSEN COVID-19 VACCINE)"
CIS-69544189,VAC0667,"NUVAXOVID, dispersion injectable. Vaccin contre la COVID-19 (recombinant, avec adjuvant)","NUVAXOVID"
CIS-67734275,VAC0685,"VIDPREVTYN BETA, solution et émulsion pour émulsion injectable. Vaccin contre la COVID-19 (recombinant avec adjuvant)","VIDPREVTYN BETA"
CIS-69975093,VAC0778,"VAXCHORA, poudre effervescente et poudre pour suspension buvable. Vaccin anticholérique (vivant,recombiné,orale)","VAXCHORA"
CIS-63060594,VAC0779,"BATREVAC, suspension injectable en seringue préremplie, vaccin grippal inactivé à antigènes de surface","BATREVAC"
CIS-69174918,VAC0833,"COMIRNATY 10 microgrammes/dose, dispersion à diluer pour dispersion injectable.Vaccin à ARNm (à nucléoside modifié) contre la COVID-19","COMIRNATY 10 µg  BIONTECH-PFIZER"
CIS-60094805,VAC0836,"FLUAD TETRA, suspension injectable en seringue préremplie.Vaccin antigrippal (antigènes de surface, inactivé, avec adjuvant)","FLUAD TETRA"
CIS-69539345,VAC0840,"ADDIGRIP, suspension injectable en seringue préremplie vaccin grippal inactivé à antigènes de surface avec adjuvant MF59C.1","ADDIGRIP"
CIS-66481278,VAC0841,"INFLUVAC ENFANT, suspension injectable en seringue préremplie, vaccin grippal inactivé à antigènes de surface. Saison 2015/2016","INFLUVAC 0,25 mL"
CIS-66853860,VAC0842,"NEORABIS, poudre et solvant pour suspension injectable, vaccin rabique inactivé","NEORABIS"
CIS-63980169,VAC0843,"NOVIRAB, poudre et solvant pour suspension injectable, vaccin rabique inactivé","NOVIRAB"
CIS-67539955,VAC0844,"VERORABVAX, poudre et solvant pour suspension injectable en seringue préremplie. Vaccin rabique, inactivé","VERORABVAX"
CIS-60111635,VAC0845,"VACCIN POLIOMYELITIQUE ORAL, PRODUIT SUR CELLULES VERO MERIEUX, solution buvable en récipient unidose","ORAL POLIO VACCINE PRODUCED ON VERO MERIEUX CELLS"
CIS-63770391,VAC0848,"VACCIN BCG INSTITUT MERIEUX, poudre et solvant pour suspension injectable en multidose","VACCIN BCG INSTITUT MERIEUX"
CIS-62752472,VAC0926,"FLUCELVAX suspension injectable en seringue préremplie. Vaccin antigrippal inactivé (antigène de surface, préparé sur cultures cellulaires)","FLUCELVAX"
CIS-69122679,VAC0933,"TICOVAC 2,7 microgrammes, suspension injectable en seringue préremplie. vaccin de l'encéphalite à tiques, adsorbé","TICOVAC 2,7µg"
CIS-66630665,VAC0934,"VACCIN OREILLONS AVENTIS PASTEUR MSD, poudre et solvant pour suspension injectable en seringue préremplie vaccin des oreillons, atténué","VACCIN OREILLONS AVENTIS PASTEUR MSD"
CIS-60253264,VAC0935,"VACCIN RABIQUE INACTIVE MERIEUX, poudre et solvant pour suspension injectable. Vaccin rabique préparé sur cellules diploïdes humaines","VACCIN RABIQUE INACTIVE MERIEUX"
CIS-62830871,VAC1020,"VACCIN HEPATITE A AVENTIS PASTEUR MSD, suspension injectable en seringue préremplie. Vaccin de l'hépatite A (inactivé, adsorbé)","Hepatitis A vaccine aventis pasteur MSD"
CIS-63786926,VAC1022,"COMIRNATY 3 microgrammes/dose, dispersion à diluer pour dispersion injectable.Vaccin à ARNm (à nucléoside modifié) contre la COVID-19","COMIRNATY 3 µg INFANTS AND CHILDREN BIONTECH-PFIZER"
CIS-64431629,VAC1040,"AREXVY, poudre et suspension pour suspension injectable. Vaccin du Virus Respiratoire Syncytial (VRS) (recombinant, avec adjuvant)","AREXVY"
CIS-60990140,VAC1047,"ABRYSVO, poudre et solvant pour solution injectable. Vaccin du virus respiratoire syncytial (bivalent, recombinant)","ABRYSVO"
CIS-60144425,VAC1051,"COMIRNATY OMICRON XBB.1.5 30 microgrammes/dose, dispersion injectable en seringue préremplie. Vaccin à ARNm (à nucléoside modifié) contre la COVID-19","COMIRNATY OMICRON XBB.1.5 30 µg"
CIS-64548397,VAC1051,"COMIRNATY OMICRON XBB.1.5 30 microgrammes/dose, dispersion injectable. Vaccin à ARNm (à nucléoside modifié) contre la COVID-19","COMIRNATY OMICRON XBB.1.5 30 µg"
CIS-60327063,VAC1052,"COMIRNATY OMICRON XBB.1.5 10 microgrammes/dose, dispersion injectable. Vaccin à ARNm (à nucléoside modifié) contre la COVID-19","COMIRNATY OMICRON XBB.1.5 10 µg"
CIS-65248463,VAC1052,"COMIRNATY OMICRON XBB.1.5 10 microgrammes/dose, dispersion à diluer pour dispersion injectable. Vaccin à ARNm (à nucléoside modifié) contre la COVID-19","COMIRNATY OMICRON XBB.1.5 10 µg"
CIS-64995124,VAC1053,"COMIRNATY OMICRON XBB.1.5 3 microgrammes/dose, dispersion à diluer pour dispersion injectable. Vaccin à ARNm (à nucléoside modifié) contre la COVID-19","COMIRNATY OMICRON XBB.1.5 3 µg"
CIS-65689785,VAC1055,"NUVAXOVID XBB.1.5, dispersion injectable. Vaccin contre la COVID-19 (recombinant, avec adjuvant)","NUVAXOVID XBB.1.5"
CIS-60914655,VAC1060,"SPIKEVAX XBB.1.5 50 microgrammes, dispersion injectable en seringue préemplie. Vaccin à ARNm contre la COVID-19","SPIKEVAX XBB.1.5 50 µg MODERNA"
CIS-61906476,VAC1060,"SPIKEVAX XBB.1.5 50 microgrammes, dispersion injectable. Vaccin à ARNm contre la COVID-19","SPIKEVAX XBB.1.5 50 µg MODERNA"
CIS-61838388,VAC1258,"COMIRNATY JN.1 30 microgrammes/dose, dispersion injectable en seringue préremplie. Vaccin à ARNm contre la COVID-19","COMIRNATY JN.1 30 µg"
CIS-64281916,VAC1258,"COMIRNATY JN.1 30 microgrammes/dose, dispersion injectable. Vaccin à ARNm contre la COVID-19","COMIRNATY JN.1 30 µg"
CIS-64397504,VAC1259,"COMIRNATY JN.1 10 microgrammes/dose, dispersion injectable. Vaccin à ARNm contre la COVID-19","COMIRNATY JN.1 10 µg CHILDREN (5-11 YEARS)"
CIS-65290793,VAC1260,"COMIRNATY JN.1 3 microgrammes/dose, dispersion à diluer pour dispersion injectable. Vaccin à ARNm contre la COVID-19","COMIRNATY JN.1 3 µg CHILDREN (6 MONTHS-4 YEARS)"
CIS-67954296,VAC1261,"NUVAXOVID JN.1, dispersion injectable. Vaccin contre la COVID-19 (recombinant, avec adjuvant)","NUVAXOVID JN.1"
CIS-64933425,VAC1262,"MRESVIA, dispersion injectable en seringue préremplie. Vaccin à ARNm contre le virus respiratoire syncytial","MRESVIA"
CIS-67392551,VAC1267,"VIMKUNYA, suspension injectable en seringue préremplie. Vaccin contre le chikungunya (recombinant, adsorbé)","VIMKUNYA"
CIS-63466367,VAC1466,"COMIRNATY LP.8.1 30 microgrammes/dose, dispersion injectable. Vaccin à ARNm contre la COVID-19","COMIRNATY LP.8.1 30 µg"
CIS-64208590,VAC1467,"COMIRNATY LP.8.1 3 microgrammes/dose, dispersion à diluer pour dispersion injectable. Vaccin à ARNm contre la COVID-19","COMIRNATY LP.8.1 3 µg"
CIS-67364121,VAC1468,"COMIRNATY LP.8.1 10 microgrammes/dose, dispersion injectable. Vaccin à ARNm contre la COVID-19","COMIRNATY LP.8.1 10 µg"
CIS-68015521,VAC0036,"TETAGRIP, suspension injectable en seringue préremplie, vaccin tétanique et grippal inactivé à virion fragmenté","TETAGRIP"
CIS-69725264,VAC0040,"TYAVAX, suspension et solution pour suspension injectable en seringue préremplie. Vaccin de l'hépatite A (inactivé, adsorbé) et typhoïdique polyosidique","TYAVAX"
CIS-61920725,VAC0052,"VACCIN MENINGOCOCCIQUE A+C POLYOSIDIQUE, poudre et solvant pour suspension injectable en seringue préremplie","VACCIN MENINGOCOCCIQUE A+C"
CIS-65277632,VAC0052,"VACCIN MENINGOCOCCIQUE A+C POLYOSIDIQUE, poudre et solvant pour suspension injectable en multidose","VACCIN MENINGOCOCCIQUE A+C"
CIS-63834164,VAC0057,"TWINRIX ADULTE, suspension injectable. Vaccin de l'hépatite A (inactivé) et de l'hépatite B (ADNr) (HAB) (adsorbé)","TWINRIX 20 µg"
CIS-65991659,VAC0057,"TWINRIX ADULTE, suspension injectable en seringue préremplie. Vaccin de l'hépatite A (inactivé) et de l'hépatite B (ADNr) (HAB) (adsorbé)","TWINRIX 20 µg"
CIS-64737775,VAC0058,"TWINRIX ENFANT, suspension injectable en seringue préremplie. Vaccin de l'hépatite A (inactivé) et de l'hépatite B (ADNr) (HAB) (adsorbé)","TWINRIX 10 µg"
CIS-69567686,VAC0058,"TWINRIX ENFANT, suspension injectable. Vaccin de l'hépatite A (inactivé) et de l'hépatite B (ADNr) (HAB) (adsorbé)","TWINRIX 10 µg"
CIS-64068761,VAC0076,"DTVAX, suspension injectable en seringue préremplie vaccin diphtérique et tétanique adsorbé","DTVax"
CIS-66029173,VAC0076,"DTVAX, suspension injectable en multidose vaccin diphtérique et tétanique (adsorbé)","DTVax"
CIS-66313316,VAC0076,"DTVAX, suspension injectable vaccin diphtérique et tétanique (adsorbé)","DTVax"
CIS-66653055,VAC0078,"RUDI ROUVAX, poudre et solvant pour solution injectable. vaccin à virus vivants atténués contre la rougeole et la rubéole","RUDI-ROUVAX"
CIS-69220326,VAC0085,"T POLIO MERIEUX, suspension injectable","T POLIO MERIEUX"
CIS-60449213,VAC0172,"DIFTAVAX, suspension injectable en seringue préremplie. Vaccin diphtérique et tétanique adsorbé","DIFTAVAX"
CIS-62127143,VAC0172,"DIFTAVAX, suspension injectable en multidose. Vaccin diphtérique et tétanique adsorbé","DIFTAVAX"
CIS-63978823,VAC0172,"DIFTAVAX, suspension injectable en unidose, vaccin diphtérique et tetanique adsorbé","DIFTAVAX"
CIS-66958249,VAC0591,"VIVAXIM, suspension et solution pour suspension injectable en seringue préremplie. Vaccin de l'hépatite A (inactivé, adsorbé) et typhoïdique polyosidique","VIVAXIM"
CIS-68821434,VAC0615,"VACCIN T.P. PASTEUR, vaccin tétanique et poliomyélitique, suspension injectable","VACCIN T.P. PASTEUR"
CIS-64968141,VAC0846,"VACCIN POLIOMYELITIQUE ORAL BIVALENT TYPES 1 et 3, suspension buvable en récipient multidose","VACCIN POLIOMYELITIQUE ORAL BIVALENT TYPES 1 et 3"
CIS-62609613,VAC1017,"SPIKEVAX BIVALENT ORIGINAL/OMICRON BA.1 (50 microgrammes/50 microgrammes)/ml, dispersion injectable, Vaccin à ARNm contre la COVID-19","SPIKEVAX BIVALENT ORIGINAL/OMICRON BA.1 (50 µg/50 µg)/mL MODERNA"
CIS-68374353,VAC1017,"SPIKEVAX BIVALENT ORIGINAL/OMICRON BA.4-5 (50 microgrammes/50 microgrammes)/mL, dispersion injectable. Vaccin à ARNm contre la COVID-19","SPIKEVAX BIVALENT ORIGINAL/OMICRON BA.1 (50 µg/50 µg)/mL MODERNA"
CIS-69401508,VAC1021,"COMIRNATY ORIGINAL/OMICRON BA.1 (15/15 microgrammes)/dose, dispersion injectable. Vaccin à ARNm (à nucléoside modifié) contre la COVID-19","COMIRNATY ORIGINAL/OMICRON BA.1 (15/15 µg) BIONTECH-PFIZER"
CIS-65590890,VAC1023,"COMIRNATY ORIGINAL/OMICRON BA.4-5 (15/15 microgrammes)/dose, dispersion injectable. Vaccin à ARNm (à nucléoside modifié) contre la COVID-19","COMIRNATY ORIGINAL/OMICRON BA.4-5 (15/15 µg) BIONTECH-PFIZER"
CIS-64089816,VAC1033,"COMIRNATY ORIGINAL/OMICRON BA.4-5 (5/5 microgrammes)/dose, dispersion à diluer pour dispersion injectable. Vaccin à ARNm (à nucléoside modifié) contre la COVID-19","COMIRNATY ORIGINAL/OMICRON BA.4-5 (5/5 µg) BIONTECH-PFIZER"
CIS-69457407,VAC1036,"SPIKEVAX BIVALENT ORIGINAL/OMICRON BA.4-5 25 microgrammes/25 microgrammes, dispersion injectable en seringue préremplie. Vaccin à ARNm contre la COVID-19","SPIKEVAX BIVALENT ORIGINAL/OMICRON BA.4-5 25 µg/25 µg MODERNA"
CIS-69556437,VAC1036,"SPIKEVAX BIVALENT ORIGINAL/OMICRON BA.4-5 25 microgrammes/25 microgrammes, dispersion injectable. Vaccin à ARNm contre la COVID-19","SPIKEVAX BIVALENT ORIGINAL/OMICRON BA.4-5 25 µg/25 µg MODERNA"
CIS-60737692,VAC0004,"DT POLIO MERIEUX, suspension injectable","D.T. POLIO MERIEUX"
CIS-64269668,VAC0017,"M-M-RVAXPRO poudre et solvant pour suspension injectable en seringue préremplie.Vaccin rougeoleux, des oreillons, et rubéoleux (vivant).","M-M-RVAXPRO"
CIS-65194581,VAC0017,"M-M-RVAXPRO, poudre et solvant pour suspension injectable. Vaccin rougeoleux, des oreillons, et rubéoleux (vivant)","M-M-RVAXPRO"
CIS-67723510,VAC0027,"R.O.R. VAX, poudre et solvant pour suspension injectable. Vaccin rougeoleux, des oreillons et rubéoleux atténué.","R.O.R. VAX"
CIS-60917345,VAC0030,"REVAXIS, suspension injectable en seringue préremplie. Vaccin diphtérique, tétanique et poliomyélitique (inactivé), adsorbé, à teneur réduite en antigènes","REVAXIS"
CIS-64098181,VAC0044,"CERVARIX, suspension injectable en seringue pré-remplie .Vaccin Papillomavirus Humain [Types 16, 18] (Recombinant, avec adjuvant, adsorbé)","CERVARIX"
CIS-64995512,VAC0044,"CERVARIX, suspension injectable en flacon. Vaccin Papillomavirus Humain [Types 16, 18] (Recombinant, avec adjuvant, adsorbé)","CERVARIX"
CIS-61896473,VAC0053,"PRIORIX, poudre et solvant pour solution injectable en seringue préremplie. Vaccin rougeoleux, des oreillons et rubéoleux vivant","PRIORIX"
CIS-62245818,VAC0074,"D.T.COQ., suspension injectable (I.M.) en seringue pré-remplie. vaccin diphtérique, tétanique, coquelucheux adsorbé","D.T. COQ MERIEUX"
CIS-66682480,VAC0074,"D.T.COQ., suspension injectable (I.M.) en flacon multidose. vaccin diphtérique, tétanique, coquelucheux adsorbé","D.T. COQ MERIEUX"
CIS-65513082,VAC0116,"R.O.R., poudre et solvant pour solution injectable. vaccin à virus vivants atténués contre la rougeole, les oreillons et la rubéole","R.O.R SANOFI PASTEUR"
CIS-62497235,VAC0479,"TRIAXIS, suspension injectable en seringue préremplie. Vaccin diphtérique, tétanique et coquelucheux (acellulaire, multicomposé) (adsorbé, à teneur réduite en antigène(s))","TRIAXIS"
CIS-67095728,VAC0479,"TRIAXIS, suspension injectable. Vaccin diphtérique, tétanique et coquelucheux (acellulaire, multicomposé) (adsorbé, à teneur réduite en antigène(s))","TRIAXIS"
CIS-64849952,VAC0541,"BOOSTRIX, suspension injectable en seringue préremplie Vaccin diphtérique, tétanique et coquelucheux (acellulaire multicomposé), (adsorbé, à teneur réduite en antigènes)","BOOSTRIX"
CIS-66045366,VAC0542,"VACCIN D.T.P. PASTEUR, vaccin diphtérique, tétanique, poliomyélitique, suspension injectable","Vaccin D.T.P. Pasteur"
CIS-67968260,VAC0546,"DULTAVAX, suspension injectable en seringue préremplie. Vaccin diphtérique, tétanique et poliomyélitique (inactivé), adsorbé, à teneur réduite en antigènes","DULTAVAX"
CIS-62266716,VAC0632,"OPVERO, suspension buvable en récipient multidose. Vaccin poliomyélitique oral (trivalent, vivant)","OPVERO"
CIS-61908445,VAC0645,"IMMU ORR, poudre et solvant pour suspension injectable. Vaccin rougeoleux, des oreillons et rubéoleux, atténué.","IMMU ORR"
CIS-61145626,VAC0018,"MENCEVAX, poudre et solvant pour solution injectable multidose. Vaccin méningococcique polyosidique des groupes A, C, Yet W135","MENCEVAX"
CIS-62429031,VAC0018,"MENCEVAX, poudre et solvant pour solution injectable en seringue préremplie. Vaccin méningococcique polyosidique des groupes A, C, Y, et W135","MENCEVAX"
CIS-64234891,VAC0018,"MENCEVAX, poudre et solvant pour solution injectable. Vaccin méningococcique polyosidique des groupes A, C, Y et W135","MENCEVAX"
CIS-67619892,VAC0029,"REPEVAX, suspension injectable en seringue préremplie. Vaccin diphtérique, tétanique, coquelucheux (acellulaire, multicomposé) et poliomyélitique (inactivé), (adsorbé, à teneur réduite en antigène(s))","REPEVAX"
CIS-66543281,VAC0037,"TETRAVAC-ACELLULAIRE, suspension injectable en seringue préremplie. Vaccin diphtérique, tétanique, coquelucheux acellulaire et poliomyélitique (inactivé), adsorbé","TETRAVAC-ACELLULAIRE"
CIS-62404793,VAC0043,"BOOSTRIXTETRA, suspension injectable en seringue préremplie. Vaccin diphtérique, tétanique, coquelucheux (acellulaire multicomposé) et poliomyélitique (inactivé), (adsorbé, à teneur réduite en antigènes)","BOOSTRIXTETRA"
CIS-62996633,VAC0043,"BOOSTRIXTETRA, suspension injectable. Vaccin diphtérique, tétanique, coquelucheux (acellulaire, multicomposé) et poliomyélitique (inactivé, adsorbé)","BOOSTRIXTETRA"
CIS-61294723,VAC0051,"INFANRIXTETRA, suspension injectable. Vaccin diphtérique, tétanique, coquelucheux acellulaire, poliomyélitique inactivé, adsorbé","INFANRIXTETRA"
CIS-69777706,VAC0051,"INFANRIXTETRA, suspension injectable en seringue préremplie. Vaccin diphtérique, tétanique, coquelucheux acellulaire, poliomyélitique inactivé, adsorbé","INFANRIXTETRA"
CIS-62224329,VAC0063,"TETRACOQ, suspension injectable (I.M.) en flacon multidose. vaccin diphtérique, tétanique, coquelucheux et poliomyélitique inactivé adsorbé","TETRACOQ"
CIS-69960198,VAC0063,"TETRACOQ, suspension injectable (I.M.), en seringue pré-remplie. vaccin diphtérique, tétanique, coquelucheux et poliomyélitique inactivé adsorbé","TETRACOQ"
CIS-61485073,VAC0066,"VACCIN D.T.C.P. PASTEUR, suspension injectable (I.M.), en flacon multidose, vaccin diphtérique, tétanique, coquelucheux et poliomyélitique inactivé adsorbé","DTCP PASTEUR"
CIS-67956272,VAC0066,"VACCIN D.T.C.P. PASTEUR, suspension injectable (I.M.), en ampoule, vaccin diphtérique, tétanique, coquelucheux et poliomyélitique inactivé adsorbé","DTCP PASTEUR"
CIS-69344053,VAC0066,"VACCIN D.T.C.P. PASTEUR, suspension injectable (I.M.), en seringue pré-remplie, vaccin diphtérique, tétanique, coquelucheux et poliomyélitique inactivé adsorbé","DTCP PASTEUR"
CIS-61286406,VAC0069,"MENOMUNE, poudre et solvant pour solution injectable, vaccin méningococcique polyosidique A, C, Y, W135","MENOMUNE"
CIS-66718236,VAC0121,"PRIORIX-TETRA, poudre et solvant pour solution injectable en seringue préremplie. Vaccin rougeoleux, des oreillons, rubéoleux et varicelleux (vivant)","PRIORIX-TETRA"
CIS-67106701,VAC0121,"PRIORIX-TETRA, poudre et solvant pour solution injectable. Vaccin rougeoleux, des oreillons, rubéoleux et varicelleux (vivant)","PRIORIX-TETRA"
CIS-68046787,VAC0141,"MENVEO, poudre et solution pour solution injectable. Vaccin méningococcique des groupes A, C, W-135 et Y conjugué","MENVEO"
CIS-60250909,VAC0174,"PROQUAD, poudre et solvant pour suspension injectable. Vaccin rougeoleux, des oreillons, rubéoleux et varicelleux (vivant).","PROQUAD"
CIS-65767967,VAC0174,"PROQUAD, poudre et solvant pour suspension injectable en seringue préremplie. Vaccin rougeoleux, des oreillons, rubéoleux et varicelleux (vivant).","PROQUAD"
CIS-64037506,VAC0390,"TETRACT-HIB, poudre et suspension pour suspension injectable en seringue préremplie à double compartiment - vaccin diphtérique, tétanique, pertussique adsorbé et Haemophilus type b conjugué","TETRACT-HIB"
CIS-64678177,VAC0390,"TETRAct-HIB, poudre et suspension pour suspension injectable en seringue préremplie. Vaccin diphtérique, tétanique, coquelucheux et conjugué de l’Haemophilus type b, adsorbé","TETRACT-HIB"
CIS-69742160,VAC0390,"TETRAct-HIB, poudre et suspension pour suspension injectable en multidose. Vaccin diphtérique, tétanique, coquelucheux et conjugué de l’Haemophilus type b, adsorbé","TETRACT-HIB"
CIS-69241562,VAC0486,"NIMENRIX, poudre et solvant pour solution injectable. Vaccin méningococcique conjugué des groupes A, C, W135 et Y","NIMENRIX"
CIS-61779744,VAC0544,"TETRAXIM, suspension injectable en seringue préremplie. Vaccin diphtérique, tétanique, coquelucheux acellulaire et poliomyélitique (inactivé), adsorbé","TETRAXIM"
CIS-67628592,VAC0544,"TETRAXIM, suspension injectable en multidose. Vaccin diphtérique, tétanique, coquelucheux (acellulaire, multicomposé) et poliomyélitique (inactivé), adsorbé","TETRAXIM"
CIS-63064137,VAC0594,"MENQUADFI, solution injectable. Vaccin méningococcique conjugué des groupes A,C,W et Y","MenQuadfi"
CIS-68005349,VAC0007,"GARDASIL, suspension injectable. Vaccin Papillomavirus Humain [Types 6, 11, 16, 18] (Recombinant, adsorbé)","GARDASIL"
CIS-69604608,VAC0007,"GARDASIL, suspension injectable en seringue préremplie. Vaccin Papillomavirus Humain [Types 6, 11, 16, 18] (Recombinant, adsorbé)","GARDASIL"
CIS-69543678,VAC0015,"INFANRIXQUINTA, poudre et suspension pour suspension injectable. Vaccin diphtérique (D), tétanique (T), coquelucheux (acellulaire, multicomposé) (Ca), poliomyélitique (inactivé) (P) et conjugué de l’Haemophilus influenzae type b (Hib), adsorbé","INFANRIXQUINTA"
CIS-69811279,VAC0023,"PENTAVAC, poudre et suspension pour suspension injectable en seringue préremplie. Vaccin diphtérique, tétanique, coquelucheux (acellulaire, multicomposé), poliomyélitique (inactivé) et conjugué de l'haemophilus type b, adsorbé","PENTAVAC"
CIS-60906295,VAC0064,"PENTACOQ, poudre et suspension pour suspension injectable (I.M., S.C.), en flacon et seringue pré-remplie. vaccin Haemophilus type b conjugué et vaccin diphtérique, tétanique, coquelucheux et poliomyélitique inactivé, adsorbé","PENTACOQ"
CIS-66878269,VAC0064,"PENTACOQ, poudre et suspension pour suspension injectable (I.M., S.C.) en seringue pré-remplie à deux compartiments. vaccin Haemophilus type b conjugué et vaccin diphtérique, tétanique, coquelucheux et poliomyélitique inactivé adsorbé","PENTACOQ"
CIS-69225227,VAC0064,"PENTACOQ, poudre et suspension pour suspension injectable en multidose vaccin diphtérique, tétanique, pertussique, poliomyélitique inactivé, adsorbé et vaccin haemophilus influenzae b","PENTACOQ"
CIS-65581667,VAC0139,"PENT- HIBest, poudre et suspension pour suspension injectable (I.M., S.C.), en flacon et seringue pré-remplie. vaccin Haemophilus type b conjugué et vaccin diphtérique, tétanique, coquelucheux et poliomyélitique inactivé, adsorbé","PENT-HIBEST"
CIS-69510030,VAC0139,"PENT- HIBest, poudre et suspension pour suspension injectable (I.M., S.C.), en seringue pré-remplie à deux compartiments. vaccin Haemophilus type b conjugué et vaccin diphtérique, tétanique, coquelucheux et poliomyélitique inactivé, absorbé","PENT-HIBEST"
CIS-68511072,VAC0488,"PENTAXIM, poudre et suspension pour suspension injectable en seringue préremplie. Vaccin diphtérique, tétanique, coquelucheux (acellulaire, multicomposé), poliomyélitique (inactivé) et conjugué de l'haemophilus type b, adsorbé","PENTAXIM"
CIS-63449001,VAC0554,"PEDIACEL, suspension injectable en seringue préremplie. Vaccin diphtérique, tétanique, coquelucheux (acellulaire, multicomposé), poliomyélitique (inactivé) et conjugué de l'Haemophilus type b (adsorbé)","PEDIACEL"
CIS-62966063,VAC0014,"INFANRIX hexa, poudre et suspension pour suspension injectable en seringue préremplie. Vaccin diphtérique(D), tétanique(T), coquelucheux (acellulaire, multicomposé)(Ca), de l'hépatite B (ADNr)(HepB), poliomyélitique(inactivé)(P) et de l'Haemophilus influe","INFANRIX HEXA"
CIS-68412220,VAC0098,"HEXAVAC, suspension injectable en seringue préremplie. Vaccin diphtérique, tétanique, coquelucheux acellulaire, poliomyélitique inactivé, de l'hépatite B (recombinant) et de l'Haemophilus influenzae type b conjugué, adjuvé","HEXAVAC"
CIS-60645557,VAC0510,"HEXYON, suspension injectable en seringue préremplie","HEXYON"
CIS-63483103,VAC0510,"HEXYON, suspension injectable","HEXYON"
CIS-69688620,VAC0535,"VAXELIS, suspension injectable en seringue préremplie. Vaccin diphtérique, tétanique, coquelucheux (acellulaire, multicomposé), de l'hépatite B (ADNr), poliomyélitique (inactivé) et conjugué de l'Haemophilus de type b (adsorbé)","VAXELIS"
CIS-64178243,VAC0025,"PREVENAR, suspension injectable en seringue préremplie. Vaccin pneumococcique osidique conjugué adsorbé","PREVENAR"
CIS-65598079,VAC0025,"PREVENAR, suspension injectable. Vaccin pneumococcique osidique conjugué adsorbé","PREVENAR"
CIS-68957822,VAC0083,"SYNFLORIX, suspension injectable en seringue préremplie. Vaccin pneumococcique polyosidique conjugué (adsorbé)","SYNFLORIX"
CIS-61429103,VAC0523,"GARDASIL 9, suspension injectable. Vaccin Papillomavirus Humain 9-valent (Recombinant, adsorbé)","GARDASIL 9"
CIS-65017887,VAC0523,"GARDASIL 9, suspension injectable en seringue préremplie. Vaccin Papillomavirus Humain 9-valent (Recombinant, adsorbé)","GARDASIL 9"
CIS-67786749,VAC0123,"PREVENAR 13 suspension injectable. Vaccin pneumococcique polyosidique conjugué (13-valent, adsorbé)","PREVENAR 13"
CIS-64355843,VAC0780,"VAXNEUVANCE, suspension injectable en seringue préremplie.Vaccin pneumococcique polyosidique conjugué (15-valent, adsorbé)","VAXNEUVANCE"
CIS-69311587,VAC0847,"VACCIN PNEUMOCOCCIQUE SARBACH, solution injectable, seringue pré-remplie montée avec aiguille","VACCIN PNEUMOCOCCIQUE SARBACH"
CIS-62189757,VAC0900,"PREVENAR 20, suspension injectable en seringue préremplie. Vaccin pneumococcique polyosidique conjugué (20-valent, adsorbé)","PREVENAR 20 (previously APEXXNAR)"
CIS-69077052,VAC1254,"CAPVAXIVE, solution injectable en seringue préremplie. Vaccin pneumococcique polyosidique conjugué (21-valent)","CAPVAXIVE"
CIS-65861879,VAC0024,"PNEUMO 23, solution injectable en seringue pré-remplie. vaccin pneumococcique polyosidique","PNEUMO 23"
CIS-68819650,VAC0024,"PNEUMO 23 , solution injectable en récipient multidose, vaccin pneumococcique polyosidique","PNEUMO 23"
CIS-60614280,VAC0336,"PNEUMOVAX, solution injectable en seringue préremplie. Vaccin pneumococcique polyosidique","PNEUMOVAX"
CIS-64964125,VAC0336,"PNEUMOVAX en seringue préremplie, vaccin pneumococcique polyosidique","PNEUMOVAX"
CIS-66229252,VAC0336,"PNEUMOVAX solution injectable en flacon. Vaccin pneumococcique polyosidique","PNEUMOVAX"
CIS-69491701,VAC0337,"PNU-IMUNE 23, solution injectable en seringue préremplie. Vaccin pneumococcique polysaccharidique","PNU-IMUNE 23"
CIS-67638273,VAC0936,"VACCIN PNEUMOCOCCIQUE POLYOSIDIQUE AVENTIS PASTEUR MSD, en seringue préremplie, vaccin pneumococcique polyosidique","VACCIN PNEUMOCOCCIQUE POLYOSIDIQUE AVENTIS PASTEUR MSD"
CIS-61104024,#MISS,"ACT-HIB 10 microgrammes/0,5 mL, poudre et solvant pour solution injectable en seringue préremplie. Vaccin conjugué de l'Haemophilus type b",
CIS-68185025,#MISS,"COMIRNATY LP.8.1 30 microgrammes/dose, dispersion injectable en seringue préremplie. Vaccin à ARNm contre la COVID-19",
CIS-69531754,#MISS,"FLUARIX suspension injectable en seringue préremplie.Vaccin grippal trivalent (à virion fragmenté, inactivé)",
CIS-66173309,#MISS,"MENVEO, solution injectable. Vaccin méningococcique des groupes A, C, W-135 et Y conjugué",
CIS-67125993,#MISS,"NUVAXOVID JN.1, dispersion injectable en seringue préremplie. Vaccin contre la COVID-19 (recombinant, avec adjuvant)",
CIS-64317376,#MISS,"SHINGRIX, suspension injectable en seringue préremplie. Vaccin zona (recombinant, avec adjuvant)",
CIS-63987943,#MISS,"SPIKEVAX JN.1 50 microgrammes, dispersion injectable en seringue préremplie. Vaccin à ARNm contre la COVID-19",
CIS-60279939,#MISS,"VACCIN COVID-19 VALNEVA (inactivé, avec adjuvant), suspension injectable. Vaccin contre la COVID-19 (inactivé, avec adjuvant, adsorbé)",
CIS-61310501,#MISS,"VACCINOTOXINUM BOIRON, degré de dilution compris entre 4CH et 30CH ou entre 8DH et 60DH",
CIS-60509774,#MISS,"ZOONOTIC INFLUENZA VACCINE SEQIRUS, suspension injectable en seringue préremplie.Vaccin grippal zoonotique (H5N8) (antigène de surface, inactivé, avec adjuvant).",
CIS-63809339,#MISS,"mNEXSPIKE, dispersion injectable en seringue préremplie. Vaccin à ARNm contre la COVID-19",
