CNK,NUVA,CNK label, NUVA label
CNK-3038031,VAC0140,"","INTANZA"
CNK-3149358,VAC0336,"","PNEUMOVAX"
CNK-3147469,VAC0140,"","INTANZA"
CNK-1149939,VAC0049,"","HAVRIX 1440 U/1mL"
CNK-2394955,VAC0016,"","INFLUVAC 0,5 mL"
CNK-0385534,VAC0016,"","INFLUVAC 0,5 mL"
CNK-2591774,VAC0062,"","VAXIGRIP"
CNK-4280798,VAC0567,"","SHINGRIX"
CNK-1177682,VAC0264,"","INFANRIX"
CNK-4916409,VAC0990,"","ALPHARIX"
CNK-4470696,VAC0658,"","COMIRNATY 30 µg BIONTECH-PFIZER"
CNK-2663532,VAC0514,"","ROTARIX"
CNK-1029719,VAC0041,"","TYPHIM VI"
CNK-1703255,VAC0016,"","INFLUVAC 0,5 mL"
CNK-2118412,VAC0016,"","INFLUVAC 0,5 mL"
CNK-3147410,VAC0044,"","CERVARIX"
CNK-1035542,VAC0990,"","ALPHARIX"
CNK-4670576,VAC0560,"","VAXIGRIPTETRA"
CNK-1075704,VAC0524,"","TEVAX"
CNK-1097369,VAC0067,"","HAVRIX 360 U"
CNK-1320993,VAC0016,"","INFLUVAC 0,5 mL"
CNK-1391846,VAC0990,"","ALPHARIX"
CNK-1788694,VAC0840,"","ADDIGRIP"
CNK-1035559,VAC0016,"","INFLUVAC 0,5 mL"
CNK-2195899,VAC0098,"","HEXAVAC"
CNK-4491015,VAC0780,"","VAXNEUVANCE"
CNK-3431970,VAC0062,"","VAXIGRIP"
CNK-3260320,VAC0016,"","INFLUVAC 0,5 mL"
CNK-3745577,VAC0563,"","ALPHA-RIX-TETRA"
CNK-2374429,VAC0568,"","BOOSTRIX-POLIO"
CNK-1703248,VAC0235,"","FLUVIRIN"
CNK-4604070,VAC0520,"","IMVANEX"
CNK-3813797,VAC0123,"","PREVENAR 13"
CNK-3308277,VAC0575,"","FSME-IMMUN"
CNK-3040474,VAC0968,"","INFLEXAL V"
CNK-1657923,VAC0010,"","HBVAXPRO 40 µg"
CNK-1181718,VAC0336,"","PNEUMOVAX"
CNK-0288415,VAC0489,"","TRIMOVAX"
CNK-0132704,VAC0094,"","VACCIN SABIN POLIO ORAL"
CNK-1658376,VAC0019,"","MENINGITEC"
CNK-1089127,VAC0990,"","ALPHARIX"
CNK-2394914,VAC0062,"","VAXIGRIP"
CNK-1549278,VAC0019,"","MENINGITEC"
CNK-2214237,VAC0062,"","VAXIGRIP"
CNK-1321058,VAC0003,"","AVAXIM 160 U"
CNK-1655562,VAC0336,"","PNEUMOVAX"
CNK-3561735,VAC0016,"","INFLUVAC 0,5 mL"
CNK-0278424,VAC0050,"","HAVRIX 720 U/0,5 mL"
CNK-3402799,VAC0523,"","GARDASIL 9"
CNK-2214252,VAC0016,"","INFLUVAC 0,5 mL"
CNK-1460369,VAC0059,"","TYPHERIX"
CNK-2231934,VAC0041,"","TYPHIM VI"
CNK-4280848,VAC0031,"","ROTATEQ"
CNK-3872918,VAC0451,"","VIVOTIF"
CNK-3148525,VAC0990,"","ALPHARIX"
CNK-1789445,VAC0235,"","FLUVIRIN"
CNK-2118396,VAC0990,"","ALPHARIX"
CNK-4741435,VAC1053,"","COMIRNATY OMICRON XBB.1.5 3 µg"
CNK-3561727,VAC0016,"","INFLUVAC 0,5 mL"
CNK-2807063,VAC0140,"","INTANZA"
CNK-2118016,VAC0021,"","MUTAGRIP"
CNK-0830091,VAC0301,"","MMR"
CNK-2933810,VAC0016,"","INFLUVAC 0,5 mL"
CNK-2765469,VAC0073,"","IXIARO"
CNK-3030186,VAC0016,"","INFLUVAC 0,5 mL"
CNK-4803292,VAC1050,"","BEYFORTUS 100 mg (nirsevimab)"
CNK-3050176,VAC0510,"","HEXYON"
CNK-4877874,VAC0016,"","INFLUVAC 0,5 mL"
CNK-1093202,VAC0247,"","HIBTITER"
CNK-2318475,VAC0062,"","VAXIGRIP"
CNK-1103514,VAC0235,"","FLUVIRIN"
CNK-1540442,VAC0021,"","MUTAGRIP"
CNK-2214260,VAC0990,"","ALPHARIX"
CNK-3260353,VAC0062,"","VAXIGRIP"
CNK-1273309,VAC0128,"","HB VAX DNA 10 µg"
CNK-4710224,VAC1040,"","AREXVY"
CNK-1089093,VAC0016,"","INFLUVAC 0,5 mL"
CNK-0320879,VAC0001,"","ACT-HIB"
CNK-1657915,VAC0009,"","HBVAXPRO 10 µg"
CNK-3424561,VAC0016,"","INFLUVAC 0,5 mL"
CNK-2488781,VAC0016,"","INFLUVAC 0,5 mL"
CNK-1572452,VAC0227,"","EPAXAL"
CNK-1540418,VAC0235,"","FLUVIRIN"
CNK-1619196,VAC0062,"","VAXIGRIP"
CNK-4860383,VAC1040,"","AREXVY"
CNK-1233519,VAC0021,"","MUTAGRIP"
CNK-1619238,VAC0990,"","ALPHARIX"
CNK-4293254,VAC0658,"","COMIRNATY 30 µg BIONTECH-PFIZER"
CNK-4185344,VAC0567,"","SHINGRIX"
CNK-1358167,VAC0053,"","PRIORIX"
CNK-1422765,VAC0166,"","VAQTA 50 U"
CNK-3030194,VAC0016,"","INFLUVAC 0,5 mL"
CNK-2950996,VAC0486,"","NIMENRIX"
CNK-2852788,VAC0968,"","INFLEXAL V"
CNK-4802427,VAC1046,"","BEYFORTUS 50 mg (nirsevimab)"
CNK-4201778,VAC0123,"","PREVENAR 13"
CNK-1788645,VAC0062,"","VAXIGRIP"
CNK-1498070,VAC0165,"","VAQTA 25 U/0,5 mL"
CNK-1075712,VAC1004,"","TEDIVAX"
CNK-4476669,VAC0833,"","COMIRNATY 10 µg  BIONTECH-PFIZER"
CNK-0135392,VAC0228,"","ERVEVAX RA 27/3"
CNK-1321009,VAC0021,"","MUTAGRIP"
CNK-0825786,VAC0054,"","VACCIN RABIQUE PASTEUR"
CNK-1451764,VAC0021,"","MUTAGRIP"
CNK-2488765,VAC0990,"","ALPHARIX"
CNK-1391861,VAC0021,"","MUTAGRIP"
CNK-3742780,VAC0560,"","VAXIGRIPTETRA"
CNK-4499844,VAC0900,"","PREVENAR 20 (previously APEXXNAR)"
CNK-2318442,VAC0016,"","INFLUVAC 0,5 mL"
CNK-2214245,VAC0021,"","MUTAGRIP"
CNK-4969622,VAC1468,"","COMIRNATY LP.8.1 10 µg"
CNK-2807030,VAC0062,"","VAXIGRIP"
CNK-1391788,VAC0016,"","INFLUVAC 0,5 mL"
CNK-2607885,VAC0990,"","ALPHARIX"
CNK-4490843,VAC0562,"","INFLUVAC TETRA"
CNK-4889218,VAC0230,"","FLUAD"
CNK-0385542,VAC0021,"","MUTAGRIP"
CNK-00305847,VAC0018,"","MENCEVAX"
CNK-3562394,VAC0563,"","ALPHA-RIX-TETRA"
CNK-1169358,VAC0062,"","VAXIGRIP"
CNK-0135418,VAC0524,"","TEVAX"
CNK-2765444,VAC0028,"","RABIPUR"
CNK-1619204,VAC0016,"","INFLUVAC 0,5 mL"
CNK-4492567,VAC0667,"","NUVAXOVID"
CNK-2322436,VAC0031,"","ROTATEQ"
CNK-1320977,VAC0990,"","ALPHARIX"
CNK-1540400,VAC0990,"","ALPHARIX"
CNK-1498062,VAC0037,"","TETRAVAC-ACELLULAIRE"
CNK-4736807,VAC1047,"","ABRYSVO"
CNK-1703230,VAC0990,"","ALPHARIX"
CNK-3139938,VAC0016,"","INFLUVAC 0,5 mL"
CNK-1317817,VAC0127,"","HB VAX DNA 5 µg"
CNK-2947737,VAC0990,"","ALPHARIX"
CNK-4674438,VAC0560,"","VAXIGRIPTETRA"
CNK-4615423,VAC0510,"","HEXYON"
CNK-1451780,VAC0062,"","VAXIGRIP"
CNK-0385518,VAC0990,"","ALPHARIX"
CNK-3652112,VAC0535,"","VAXELIS"
CNK-4314258,VAC0666,"","JCOVDEN (former name: JANSSEN COVID-19 VACCINE)"
CNK-0083063,VAC0013,"","IMOVAX POLIO"
CNK-0045344,VAC0126,"","HEVAC B"
CNK-2318426,VAC0990,"","ALPHARIX"
CNK-1321017,VAC0062,"","VAXIGRIP"
CNK-3496528,VAC0123,"","PREVENAR 13"
CNK-1657907,VAC0009,"","HBVAXPRO 10 µg"
CNK-1077593,VAC1003,"","TEDIVAX PRO ADULTO"
CNK-4969648,VAC1467,"","COMIRNATY LP.8.1 3 µg"
CNK-2228104,VAC0968,"","INFLEXAL V"
CNK-1233501,VAC0016,"","INFLUVAC 0,5 mL"
CNK-2324911,VAC0017,"","M-M-RVAXPRO"
CNK-1185685,VAC0024,"","PNEUMO 23"
CNK-2415586,VAC0007,"","GARDASIL"
CNK-2394070,VAC0990,"","ALPHARIX"
CNK-2231900,VAC0030,"","REVAXIS"
CNK-0811422,VAC0322,"","PARIORIX"
CNK-1658384,VAC0025,"","PREVENAR"
CNK-3019601,VAC0166,"","VAQTA 50 U"
CNK-0064527,VAC0060,"","VARILRIX"
CNK-4623641,VAC1021,"","COMIRNATY ORIGINAL/OMICRON BA.1 (15/15 µg) BIONTECH-PFIZER"
CNK-1089101,VAC0062,"","VAXIGRIP"
CNK-1167428,VAC0990,"","ALPHARIX"
CNK-2699296,VAC0062,"","VAXIGRIP"
CNK-2798379,VAC0968,"","INFLEXAL V"
CNK-3042470,VAC0990,"","ALPHARIX"
CNK-2661015,VAC0230,"","FLUAD"
CNK-380519,VAC1009,"","TETAMER"
CNK-2730083,VAC0002,"","AGRIPPAL"
CNK-1035591,VAC0191,"","ARILVAX"
CNK-2473809,VAC0018,"","MENCEVAX"
CNK-0058032,VAC0315,"","MUMPSVAX"
CNK-2081495,VAC1014,"","PROVARIVAX"
CNK-4969630,VAC1466,"","COMIRNATY LP.8.1 30 µg"
CNK-1703222,VAC0840,"","ADDIGRIP"
CNK-4855144,VAC1260,"","COMIRNATY JN.1 3 µg CHILDREN (6 MONTHS-4 YEARS)"
CNK-2585727,VAC0968,"","INFLEXAL V"
CNK-1657931,VAC0011,"","HBVAXPRO 5 µg"
CNK-3598034,VAC0582,"","TRUMENBA"
CNK-1552215,VAC0569,"","INFANRIX-IPV"
CNK-1152743,VAC0035,"","STAMARIL"
CNK-1789460,VAC0990,"","ALPHARIX"
CNK-1272665,VAC0057,"","TWINRIX 20 µg"
CNK-2605343,VAC0016,"","INFLUVAC 0,5 mL"
CNK-4654869,VAC0035,"","STAMARIL"
CNK-1391853,VAC0235,"","FLUVIRIN"
CNK-3260338,VAC0016,"","INFLUVAC 0,5 mL"
CNK-2807048,VAC0164,"","INTANZA 9 µg"
CNK-2493260,VAC0968,"","INFLEXAL V"
CNK-2488773,VAC0062,"","VAXIGRIP"
CNK-3395761,VAC0336,"","PNEUMOVAX"
CNK-2285575,VAC0005,"","DUKORAL"
CNK-1089119,VAC0021,"","MUTAGRIP"
CNK-1303387,VAC0063,"","TETRACOQ"
CNK-1169341,VAC0021,"","MUTAGRIP"
CNK-0061358,VAC0046,"","ENGERIX B 20 µg"
CNK-3926664,VAC0563,"","ALPHA-RIX-TETRA"
CNK-1262666,VAC0235,"","FLUVIRIN"
CNK-4332086,VAC0514,"","ROTARIX"
CNK-1540434,VAC0016,"","INFLUVAC 0,5 mL"
CNK-1451806,VAC0235,"","FLUVIRIN"
CNK-1703206,VAC0062,"","VAXIGRIP"
CNK-305961,VAC1010,"","TRIAMER"
CNK-4301081,VAC0656,"","SPIKEVAX 0,2 mg/mL MODERNA"
CNK-2231926,VAC0035,"","STAMARIL"
CNK-1327485,VAC0058,"","TWINRIX 10 µg"
CNK-1734094,VAC0541,"","BOOSTRIX"
CNK-2706661,VAC0140,"","INTANZA"
CNK-4855110,VAC1259,"","COMIRNATY JN.1 10 µg CHILDREN (5-11 YEARS)"
CNK-0102590,VAC0192,"","ATTENUVAX"
CNK-2661023,VAC0002,"","AGRIPPAL"
CNK-2394930,VAC0021,"","MUTAGRIP"
CNK-4740106,VAC1052,"","COMIRNATY OMICRON XBB.1.5 10 µg"
CNK-1320985,VAC0235,"","FLUVIRIN"
CNK-2710176,VAC0016,"","INFLUVAC 0,5 mL"
CNK-2232221,VAC1014,"","PROVARIVAX"
CNK-1035567,VAC0021,"","MUTAGRIP"
CNK-1075720,VAC1015,"","COMBIVAX"
CNK-3707767,VAC0479,"","TRIAXIS"
CNK-3062411,VAC0141,"","MENVEO"
CNK-0135400,VAC1004,"","TEDIVAX"
CNK-4237939,VAC0736,"","TRIAXIS POLIO"
CNK-0069914,VAC0451,"","VIVOTIF"
CNK-4314894,VAC0650,"","VAXZEVRIA ASTRAZENECA"
CNK-2707222,VAC0990,"","ALPHARIX"
CNK-1551282,VAC0025,"","PREVENAR"
CNK-2385136,VAC0044,"","CERVARIX"
CNK-0385559,VAC0062,"","VAXIGRIP"
CNK-2830065,VAC0016,"","INFLUVAC 0,5 mL"
CNK-1619212,VAC0235,"","FLUVIRIN"
CNK-2765428,VAC0141,"","MENVEO"
CNK-3147477,VAC0062,"","VAXIGRIP"
CNK-3217783,VAC0513,"","HEPATYRIX"
CNK-1265412,VAC0129,"","HB VAX DNA 40 µg"
CNK-4719902,VAC0939,"","PREHEVBRIO"
CNK-0056580,VAC0299,"","MERUVAX II"
CNK-1540459,VAC0062,"","VAXIGRIP"
CNK-1788660,VAC0021,"","MUTAGRIP"
CNK-1210764,VAC0127,"","HB VAX DNA 5 µg"
CNK-4642039,VAC0644,"","QDENGA"
CNK-3722881,VAC0562,"","INFLUVAC TETRA"
CNK-1696392,VAC0022,"","NEISVAC"
CNK-2118024,VAC0062,"","VAXIGRIP"
CNK-4183133,VAC0514,"","ROTARIX"
CNK-1789452,VAC0016,"","INFLUVAC 0,5 mL"
CNK-0128603,VAC0359,"","RIMEVAX"
CNK-1340884,VAC0570,"","HIBERIX"
CNK-3038023,VAC0062,"","VAXIGRIP"
CNK-1703214,VAC0021,"","MUTAGRIP"
CNK-2801553,VAC0002,"","AGRIPPAL"
CNK-1624584,VAC0840,"","ADDIGRIP"
CNK-4891487,VAC1347,"","EFLUELDA"
CNK-2933802,VAC0016,"","INFLUVAC 0,5 mL"
CNK-4476651,VAC0833,"","COMIRNATY 10 µg  BIONTECH-PFIZER"
CNK-4490991,VAC0031,"","ROTATEQ"
CNK-1035575,VAC0062,"","VAXIGRIP"
CNK-1035849,VAC0045,"","ENGERIX B 10 µg"
CNK-2284024,VAC0514,"","ROTARIX"
CNK-1659663,VAC0534,"","MENJUGATE 10 µg"
CNK-2231868,VAC0037,"","TETRAVAC-ACELLULAIRE"
CNK-4630208,VAC0486,"","NIMENRIX"
CNK-2542587,VAC0049,"","HAVRIX 1440 U/1mL"
CNK-2802882,VAC0990,"","ALPHARIX"
CNK-4200440,VAC0123,"","PREVENAR 13"
CNK-2657088,VAC0123,"","PREVENAR 13"
CNK-2223618,VAC0774,"","FSME-IMMUN 0,25 mL"
CNK-3020278,VAC0165,"","VAQTA 25 U/0,5 mL"
CNK-4889275,VAC0062,"","VAXIGRIP"
CNK-1167410,VAC0016,"","INFLUVAC 0,5 mL"
CNK-1391879,VAC0062,"","VAXIGRIP"
CNK-2445344,VAC0019,"","MENINGITEC"
CNK-3906781,VAC0061,"","VARIVAX"
CNK-4636536,VAC1022,"","COMIRNATY 3 µg INFANTS AND CHILDREN BIONTECH-PFIZER"
CNK-4623567,VAC1023,"","COMIRNATY ORIGINAL/OMICRON BA.4-5 (15/15 µg) BIONTECH-PFIZER"
CNK-1345545,VAC0050,"","HAVRIX 720 U/0,5 mL"
CNK-3424587,VAC0016,"","INFLUVAC 0,5 mL"
CNK-4749438,VAC1052,"","COMIRNATY OMICRON XBB.1.5 10 µg"
CNK-4855128,VAC1258,"","COMIRNATY JN.1 30 µg"
CNK-3308285,VAC0774,"","FSME-IMMUN 0,25 mL"
CNK-4740098,VAC1051,"","COMIRNATY OMICRON XBB.1.5 30 µg"
CNK-2324937,VAC0161,"","ZOSTAVAX"
CNK-3258282,VAC0563,"","ALPHA-RIX-TETRA"
CNK-3032513,VAC0495,"","BEXSERO"
CNK-3431988,VAC0563,"","ALPHA-RIX-TETRA"
CNK-4867487,VAC0593,"","VERORAB"
CNK-1273317,VAC0127,"","HB VAX DNA 5 µg"
CNK-1451772,VAC0016,"","INFLUVAC 0,5 mL"
CNK-1233535,VAC0990,"","ALPHARIX"
CNK-1665363,VAC0014,"","INFANRIX HEXA"
CNK-3561792,VAC0560,"","VAXIGRIPTETRA"
CNK-0135327,VAC0383,"","ANATOXAL TE"
CNK-1068070,VAC1015,"","COMBIVAX"
CNK-4676235,VAC0913,"","BIMERVAX"
CNK-4604088,VAC0966,"","JYNNEOS"
CNK-2210151,VAC0480,"","FENDRIX"
CNK-2231967,VAC0054,"","VACCIN RABIQUE PASTEUR"
CNK-4121596,VAC0174,"","PROQUAD"
CNK-2936789,VAC0140,"","INTANZA"
CNK-2936730,VAC0062,"","VAXIGRIP"
CNK-1233527,VAC0062,"","VAXIGRIP"
CNK-1451798,VAC0990,"","ALPHARIX"
CNK-2459360,VAC0009,"","HBVAXPRO 10 µg"
CNK-2729358,VAC0230,"","FLUAD"
CNK-3720935,VAC0562,"","INFLUVAC TETRA"
CNK-2929503,VAC0002,"","AGRIPPAL"
CNK-4665212,VAC0562,"","INFLUVAC TETRA"
CNK-1526425,VAC0030,"","REVAXIS"
CNK-2469567,VAC0121,"","PRIORIX-TETRA"
CNK-2246775,VAC0009,"","HBVAXPRO 10 µg"
CNK-0453738,VAC0128,"","HB VAX DNA 10 µg"
CNK-305912,VAC1008,"","DITEMER"
CNK-4176053,VAC0563,"","ALPHA-RIX-TETRA"
CNK-3813805,VAC0123,"","PREVENAR 13"
CNK-3138443,VAC0031,"","ROTATEQ"
CNK-4172672,VAC0562,"","INFLUVAC TETRA"
CNK-2620888,VAC0083,"","SYNFLORIX"
CNK-3139912,VAC0016,"","INFLUVAC 0,5 mL"
CNK-1657949,VAC0009,"","HBVAXPRO 10 µg"
CNK-1619220,VAC0021,"","MUTAGRIP"
