CPT,NUVA,CPT label, NUVA label
CPT-90662,VAC0236,"","Fluzone High-Dose"
CPT-90630,VAC0938,"","Influenza quadrivalent vaccine, unspecified"
CPT-90676,VAC0131,"","Rabies vaccine, unspecified"
CPT-90726,VAC0131,"","Rabies vaccine, unspecified"
CPT-90644,VAC0487,"","MENHIBRIX"
CPT-90666,VAC0147,"","Influenza A(H1N1)2009 vaccine, unspecified"
CPT-90396,VAC0864,"","Varicella-Zoster immunoglobulin, unspecified"
CPT-90634,VAC0653,"","Hepatitis A + Hepatitis B vaccine Child, unspecified"
CPT-90724,VAC0110,"","Influenza vaccine, unspecified"
CPT-91311,VAC0930,"","Ad5-nCoV COVID-19 INHALATION VACCINE"
CPT-90636,VAC0825,"","Hepatitis A and hepatitis B combined vaccine, unspecified"
CPT-90710,VAC0827,"","Measles, mumps, rubella and varicella (MMRV) live attenuated vaccine, unspecified"
CPT-90656,VAC0110,"","Influenza vaccine, unspecified"
CPT-90371,VAC1089,"","HYPERHEB B"
CPT-90649,VAC0859,"","HPV vaccine quadrivalent, unspecified"
CPT-90283,VAC0862,"","Measles immunoglobulin, unspecified"
CPT-90693,VAC0817,"","Typhoid inactivated vaccine, unspecified"
CPT-90727,VAC0812,"","Plague inactivated whole vaccine, unspecified"
CPT-91303,VAC0666,"","JCOVDEN (former name: JANSSEN COVID-19 VACCINE)"
CPT-90657,VAC0820,"","Influenza inactivated whole vaccine, unspecified"
CPT-90651,VAC0860,"","HPV vaccine nonavalent, unspecified"
CPT-90701,VAC0601,"","DPT Diphtheria-Pertussis-Tetanus vaccine, unspecified"
CPT-90389,VAC0497,"","Tetanus immunoglobulin, unspecified"
CPT-90708,VAC0550,"","Measles and rubella live attenuated vaccine, unspecified"
CPT-90658,VAC0820,"","Influenza inactivated whole vaccine, unspecified"
CPT-90585,VAC0134,"","BCG vaccine, unspecified"
CPT-90653,VAC0925,"","Influenza trivalent inactivated vaccine, unspecified"
CPT-90379,VAC0357,"","RESPIGAM, RSV-IVIG"
CPT-90661,VAC0926,"","FLUCELVAX"
CPT-90477,VAC0908,"","Adenovirus type 7 vaccine, unspecified"
CPT-90470,VAC0147,"","Influenza A(H1N1)2009 vaccine, unspecified"
CPT-90713,VAC0270,"","Poliomyelitis inactivated vaccine, unspecified"
CPT-90694,VAC0938,"","Influenza quadrivalent vaccine, unspecified"
CPT-90685,VAC0929,"","Influenza quadrivalent inactivated vaccine, pediatric dose, unspecified"
CPT-91302,VAC0650,"","VAXZEVRIA ASTRAZENECA"
CPT-90646,VAC0918,"","PRP-D Hib vaccine, unspecified"
CPT-90734,VAC0643,"","Meningococcal ACWY conjugate vaccine, unspecified"
CPT-90619,VAC0653,"","Hepatitis A + Hepatitis B vaccine Child, unspecified"
CPT-90712,VAC0802,"","Poliomyelitis live attenuated monovalent oral vaccine, unspecified"
CPT-90717,VAC0111,"","Yellow fever vaccine, unspecified"
CPT-90650,VAC0858,"","HPV vaccine bivalent, unspecified"
CPT-90655,VAC0110,"","Influenza vaccine, unspecified"
CPT-91305,VAC0658,"","COMIRNATY 30 µg BIONTECH-PFIZER"
CPT-90681,VAC0514,"","ROTARIX"
CPT-90672,VAC0636,"","FluMist Quadrivalent"
CPT-90688,VAC0938,"","Influenza quadrivalent vaccine, unspecified"
CPT-91310,VAC0685,"","VIDPREVTYN BETA"
CPT-90680,VAC0828,"","Rotavirus pentavalent vaccine, unspecified"
CPT-91306,VAC0656,"","SPIKEVAX 0,2 mg/mL MODERNA"
CPT-90731,VAC0101,"","Hepatitis B vaccine, recombinant, unspecified"
CPT-90720,VAC0800,"","Diphtheria-tetanus-pertussis-Hib vaccine, unspecified"
CPT-90728,VAC0134,"","BCG vaccine, unspecified"
CPT-90686,VAC0938,"","Influenza quadrivalent vaccine, unspecified"
CPT-90741,VAC0862,"","Measles immunoglobulin, unspecified"
CPT-90747,VAC0916,"","Hepatitis B vaccine, monovalent, dialysis patient dosage, unspecified"
CPT-91308,VAC0658,"","COMIRNATY 30 µg BIONTECH-PFIZER"
CPT-90735,VAC0819,"","Japanese Encephalitis inactivated vaccine, unspecified"
CPT-90702,VAC0137,"","DT vaccine, unspecified"
CPT-90737,VAC0143,"","Haemophilus influenzae B (or Hib) vaccine, unspecified"
CPT-91300,VAC0658,"","COMIRNATY 30 µg BIONTECH-PFIZER"
CPT-90703,VAC0132,"","Tetanus vaccine, unspecified"
CPT-90696,VAC0551,"","DTaPIPV vaccine, standard dose, unspecified"
CPT-90625,VAC0806,"","Cholera live attenuated vaccine, unspecified"
CPT-91309,VAC0927,"","COVID-19 mRNA vaccine, paediatric dose, unspecified"
CPT-90732,VAC0339,"","Pneumococcal polysaccharide vaccine 23-valent, unspecified"
CPT-90758,VAC0586,"","Ervebo"
CPT-90287,VAC0909,"","Botulinum antitoxin"
CPT-90668,VAC0147,"","Influenza A(H1N1)2009 vaccine, unspecified"
CPT-90647,VAC0344,"","Haemophilus influenzae type b PRP-OMP vaccine, unspecified"
CPT-90691,VAC0713,"","Typhoid polysaccharide vaccine, unspecified"
CPT-90725,VAC0144,"","Cholera vaccine, unspecified"
CPT-90645,VAC0919,"","Hib hbOC vaccine, unspecified"
CPT-90675,VAC0131,"","Rabies vaccine, unspecified"
CPT-90671,VAC0780,"","VAXNEUVANCE"
CPT-90648,VAC0345,"","Haemophilus influenzae type b (PRP-T) conjugated to tetanus toxoid vaccine, unspecified"
CPT-90664,VAC0147,"","Influenza A(H1N1)2009 vaccine, unspecified"
CPT-90376,VAC0502,"","Rabies immunoglobulin, unspecified"
CPT-90620,VAC0495,"","BEXSERO"
CPT-90687,VAC0938,"","Influenza quadrivalent vaccine, unspecified"
CPT-90669,VAC0324,"","Pneumococcal conjugate vaccine, 7 valent, unspecified"
CPT-90663,VAC0147,"","Influenza A(H1N1)2009 vaccine, unspecified"
CPT-90716,VAC0159,"","Chickenpox vaccine, unspecified"
CPT-90677,VAC0786,"","PREVNAR 20"
CPT-90714,VAC0920,"","Diphtheria-tetanus Td vaccine, unspecified"
CPT-90707,VAC0130,"","MMR Measles-Mumps-Rubella Vaccine, live attenuated, unspecified"
CPT-90621,VAC0861,"","Meningococcal B multicomponent vaccine, unspecified"
CPT-90706,VAC0113,"","Rubella vaccine, live attenuated, unspecified"
CPT-91307,VAC0833,"","COMIRNATY 10 µg  BIONTECH-PFIZER"
CPT-91301,VAC0656,"","SPIKEVAX 0,2 mg/mL MODERNA"
CPT-90375,VAC0502,"","Rabies immunoglobulin, unspecified"
CPT-90736,VAC0160,"","Shingles live attenuated vaccine, unspecified"
CPT-90611,VAC0966,"","JYNNEOS"
CPT-90744,VAC0914,"","Hepatitis B vaccine, monovalent, pediatric dose, unspecified"
CPT-90748,VAC0801,"","Haemophilus influenzae type b and hepatitis B vaccine, unspecified"
CPT-90673,VAC0925,"","Influenza trivalent inactivated vaccine, unspecified"
CPT-90626,VAC0039,"","TICOVAC 0,25 mL"
CPT-90733,VAC0152,"","Meningococcal ACWY unconjugated vaccine, unspecified"
CPT-90697,VAC0552,"","Hexavalent vaccine DTPCaHibHepB - Diphtheria-Tetanus-Polio-Acellular Pertussis-Hib-HepB, unspecified"
CPT-90581,VAC0804,"","Anthrax vaccine, unspecified"
CPT-91304,VAC0838,"","COVOVAX NOVAVAX"
CPT-90670,VAC0997,"","Pneumococcal 13-valent conjugate vaccine, unspecified"
CPT-90723,VAC0792,"","Diphtheria-Tetanus-Pertussis-Polio-Hepatitis B pentavalent vaccine, unspecified"
CPT-90659,VAC0820,"","Influenza inactivated whole vaccine, unspecified"
CPT-90704,VAC0153,"","Mumps vaccine, unspecified"
CPT-90633,VAC0911,"","Hepatitis A whole inactivated vaccine, monovalent, pediatric dose, unspecified"
CPT-90627,VAC0038,"","TICOVAC 0,5 mL"
CPT-90654,VAC0924,"","FLUZONE INTRADERMAL"
CPT-90730,VAC0102,"","Hepatitis A inactivated vaccine, unspecified"
CPT-90378,VAC0378,"","SYNAGIS 100 mg (PALIZIVUMAB)"
CPT-90296,VAC0867,"","Diphtheria antitoxin, unspecified"
CPT-90622,VAC0996,"","ACAM2000"
CPT-90721,VAC0856,"","Diphtheria (standard dose), tetanus and pertussis (multicomponent acellular, standard dose) and Haemophilus influenzae type b (conjugated, unspecified) DTaPHib vaccine, pediatric"
CPT-90692,VAC0817,"","Typhoid inactivated vaccine, unspecified"
CPT-90632,VAC0910,"","Hepatitis A inactivated vaccine, adult dose, unspecified"
CPT-90660,VAC0822,"","Influenza vaccine, live attenuated, unspecified"
CPT-90281,VAC0862,"","Measles immunoglobulin, unspecified"
CPT-90743,VAC0915,"","Hepatitis B vaccine, monovalent, adult dose, unspecified"
CPT-90705,VAC0114,"","Measles live attenuated vaccine, unspecified"
CPT-90698,VAC0506,"","Pentavalent DTaPHibIPV vaccine, unspecified"
CPT-90690,VAC0424,"","Typhoid live attenuated oral vaccine, unspecified"
CPT-90715,VAC0610,"","Tdap - Diphtheria-Tetanus-Pertussis vaccine, low dose, unspecified"
CPT-90746,VAC0915,"","Hepatitis B vaccine, monovalent, adult dose, unspecified"
CPT-90700,VAC0602,"","DTaP - Diphtheria-Tetanus-Pertussis vaccine, standard dose, unspecified"
CPT-90740,VAC0916,"","Hepatitis B vaccine, monovalent, dialysis patient dosage, unspecified"
CPT-90739,VAC0733,"","HEPLISAV-B"
CPT-90476,VAC0907,"","Adenovirus type 4 vaccine, unspecified"
