CTI-EXTEND,NUVA,CTI-EXTEND label, NUVA label
CTI-EXTEND-264031-01,VAC0005,"Dukoral susp. buv. (susp. + gran. efferv.) sachet flac.","DUKORAL"
CTI-EXTEND-264047-01,VAC0005,"Dukoral susp. buv. (susp. + gran. efferv.) sachet flac.","DUKORAL"
CTI-EXTEND-264022-01,VAC0005,"Dukoral susp. buv. (susp. + gran. efferv.) sachet flac.","DUKORAL"
CTI-EXTEND-559697-01,VAC0778,"Vaxchora pdr. efferv. + susp. buv. (pdr.) sachet","VAXCHORA"
CTI-EXTEND-230151-06,VAC0570,"Hiberix 10 µg/0.5 ml sol. inj. (pdr. + solv.) i.m. ser. préremplie flac.","HIBERIX"
CTI-EXTEND-230151-05,VAC0570,"Hiberix 10 µg/0.5 ml sol. inj. (pdr. + solv.) i.m. ser. préremplie flac.","HIBERIX"
CTI-EXTEND-230151-07,VAC0570,"Hiberix 10 µg/0.5 ml sol. inj. (pdr. + solv.) i.m. ser. préremplie flac.","HIBERIX"
CTI-EXTEND-230151-09,VAC0570,"Hiberix 10 µg/0.5 ml sol. inj. (pdr. + solv.) i.m. ser. préremplie flac.","HIBERIX"
CTI-EXTEND-230151-10,VAC0570,"Hiberix 10 µg/0.5 ml sol. inj. (pdr. + solv.) i.m. ser. préremplie flac.","HIBERIX"
CTI-EXTEND-230151-08,VAC0570,"Hiberix 10 µg/0.5 ml sol. inj. (pdr. + solv.) i.m. ser. préremplie flac.","HIBERIX"
CTI-EXTEND-158724-02,VAC0001,"Act-HIB 10 µg/0.5 ml sol. inj. (pdr. + solv.) i.m. flac.","ACT-HIB"
CTI-EXTEND-158724-01,VAC0001,"Act-HIB 10 µg/0.5 ml sol. inj. (pdr. + solv.) i.m. flac.","ACT-HIB"
CTI-EXTEND-321447-01,VAC0556,"Menitorix sol. inj. (pdr. + solv.) i.m. ser. préremplie flac.","MENITORIX"
CTI-EXTEND-321447-02,VAC0556,"Menitorix sol. inj. (pdr. + solv.) i.m. ser. préremplie flac.","MENITORIX"
CTI-EXTEND-226274-02,VAC0850,"Neisvac-C 10 µg/0.5 ml susp. inj. i.m. ser. préremplie","NEISVAC-C"
CTI-EXTEND-226274-01,VAC0850,"Neisvac-C 10 µg/0.5 ml susp. inj. i.m. ser. préremplie","NEISVAC-C"
CTI-EXTEND-226274-03,VAC0850,"Neisvac-C 10 µg/0.5 ml susp. inj. i.m. ser. préremplie","NEISVAC-C"
CTI-EXTEND-575173-01,VAC0594,"MenQuadfi sol. inj. i.m. flac.","MenQuadfi"
CTI-EXTEND-575182-01,VAC0594,"MenQuadfi sol. inj. i.m. flac.","MenQuadfi"
CTI-EXTEND-593360-01,VAC0594,"MenQuadfi sol. inj. i.m. flac.","MenQuadfi"
CTI-EXTEND-599537-01,VAC0594,"MenQuadfi sol. inj. i.m. flac.","MenQuadfi"
CTI-EXTEND-591475-01,VAC0141,"Menveo sol. inj. (pdr. + solv.) i.m. flac.","MENVEO"
CTI-EXTEND-390022-01,VAC0141,"Menveo sol. inj. (pdr. + solv.) i.m. flac.","MENVEO"
CTI-EXTEND-398885-01,VAC0141,"Menveo sol. inj. (pdr. + solv.) i.m. flac.","MENVEO"
CTI-EXTEND-566551-01,VAC0486,"Nimenrix sol. inj. (pdr. + solv.) i.m. amp. ser. préremplie flac.","NIMENRIX"
CTI-EXTEND-420436-01,VAC0486,"Nimenrix sol. inj. (pdr. + solv.) i.m. amp. ser. préremplie flac.","NIMENRIX"
CTI-EXTEND-420411-01,VAC0486,"Nimenrix sol. inj. (pdr. + solv.) i.m. amp. ser. préremplie flac.","NIMENRIX"
CTI-EXTEND-420402-01,VAC0486,"Nimenrix sol. inj. (pdr. + solv.) i.m. amp. ser. préremplie flac.","NIMENRIX"
CTI-EXTEND-420427-01,VAC0486,"Nimenrix sol. inj. (pdr. + solv.) i.m. amp. ser. préremplie flac.","NIMENRIX"
CTI-EXTEND-420427-03,VAC0486,"Nimenrix sol. inj. (pdr. + solv.) i.m. amp. ser. préremplie flac.","NIMENRIX"
CTI-EXTEND-420427-02,VAC0486,"Nimenrix sol. inj. (pdr. + solv.) i.m. amp. ser. préremplie flac.","NIMENRIX"
CTI-EXTEND-663596-01,VAC0141,"Menveo sol. inj. i.m. flac.","MENVEO"
CTI-EXTEND-663597-01,VAC0141,"Menveo sol. inj. i.m. flac.","MENVEO"
CTI-EXTEND-519484-01,VAC0582,"Trumenba susp. inj. i.m. ser. préremplie","TRUMENBA"
CTI-EXTEND-519982-01,VAC0582,"Trumenba susp. inj. i.m. ser. préremplie","TRUMENBA"
CTI-EXTEND-519991-01,VAC0582,"Trumenba susp. inj. i.m. ser. préremplie","TRUMENBA"
CTI-EXTEND-520017-01,VAC0582,"Trumenba susp. inj. i.m. ser. préremplie","TRUMENBA"
CTI-EXTEND-520026-01,VAC0582,"Trumenba susp. inj. i.m. ser. préremplie","TRUMENBA"
CTI-EXTEND-520000-01,VAC0582,"Trumenba susp. inj. i.m. ser. préremplie","TRUMENBA"
CTI-EXTEND-434515-01,VAC0495,"Bexsero susp. inj. i.m. ser. préremplie","BEXSERO"
CTI-EXTEND-434533-01,VAC0495,"Bexsero susp. inj. i.m. ser. préremplie","BEXSERO"
CTI-EXTEND-434506-01,VAC0495,"Bexsero susp. inj. i.m. ser. préremplie","BEXSERO"
CTI-EXTEND-434524-01,VAC0495,"Bexsero susp. inj. i.m. ser. préremplie","BEXSERO"
CTI-EXTEND-665632-01,#MISS,"VacPertagen susp. inj. i.m. ser. préremplie",
CTI-EXTEND-502222-05,VAC0479,"Triaxis susp. inj. s.c./i.m. ser. préremplie","TRIAXIS"
CTI-EXTEND-502222-03,VAC0479,"Triaxis susp. inj. s.c./i.m. ser. préremplie","TRIAXIS"
CTI-EXTEND-502222-04,VAC0479,"Triaxis susp. inj. s.c./i.m. ser. préremplie","TRIAXIS"
CTI-EXTEND-502222-06,VAC0479,"Triaxis susp. inj. s.c./i.m. ser. préremplie","TRIAXIS"
CTI-EXTEND-502222-02,VAC0479,"Triaxis susp. inj. s.c./i.m. ser. préremplie","TRIAXIS"
CTI-EXTEND-502222-01,VAC0479,"Triaxis susp. inj. s.c./i.m. ser. préremplie","TRIAXIS"
CTI-EXTEND-441707-02,VAC0614,"Boostertdap 0.5 ml susp. inj. s.c./i.m. ser. préremplie","TDAPBOOSTER AJ VACCINES"
CTI-EXTEND-441707-04,VAC0614,"Boostertdap 0.5 ml susp. inj. s.c./i.m. ser. préremplie","TDAPBOOSTER AJ VACCINES"
CTI-EXTEND-441707-03,VAC0614,"Boostertdap 0.5 ml susp. inj. s.c./i.m. ser. préremplie","TDAPBOOSTER AJ VACCINES"
CTI-EXTEND-441707-01,VAC0614,"Boostertdap 0.5 ml susp. inj. s.c./i.m. ser. préremplie","TDAPBOOSTER AJ VACCINES"
CTI-EXTEND-220954-01,VAC0541,"Boostrix susp. inj. i.m. flac.","BOOSTRIX"
CTI-EXTEND-220954-02,VAC0541,"Boostrix susp. inj. i.m. flac.","BOOSTRIX"
CTI-EXTEND-220963-01,VAC0541,"Boostrix susp. inj. i.m. ser. préremplie","BOOSTRIX"
CTI-EXTEND-220963-02,VAC0541,"Boostrix susp. inj. i.m. ser. préremplie","BOOSTRIX"
CTI-EXTEND-169303-01,VAC0264,"Infanrix (DTPa) susp. inj. i.m. ser. préremplie","INFANRIX"
CTI-EXTEND-169303-02,VAC0264,"Infanrix (DTPa) susp. inj. i.m. ser. préremplie","INFANRIX"
CTI-EXTEND-169303-06,VAC0264,"Infanrix (DTPa) susp. inj. i.m. ser. préremplie","INFANRIX"
CTI-EXTEND-169303-04,VAC0264,"Infanrix (DTPa) susp. inj. i.m. ser. préremplie","INFANRIX"
CTI-EXTEND-169303-05,VAC0264,"Infanrix (DTPa) susp. inj. i.m. ser. préremplie","INFANRIX"
CTI-EXTEND-483182-03,VAC0336,"Pneumovax 23 sol. inj. s.c./i.m. ser. préremplie","PNEUMOVAX"
CTI-EXTEND-483182-05,VAC0336,"Pneumovax 23 sol. inj. s.c./i.m. ser. préremplie","PNEUMOVAX"
CTI-EXTEND-483182-06,VAC0336,"Pneumovax 23 sol. inj. s.c./i.m. ser. préremplie","PNEUMOVAX"
CTI-EXTEND-483182-01,VAC0336,"Pneumovax 23 sol. inj. s.c./i.m. ser. préremplie","PNEUMOVAX"
CTI-EXTEND-483182-02,VAC0336,"Pneumovax 23 sol. inj. s.c./i.m. ser. préremplie","PNEUMOVAX"
CTI-EXTEND-483182-04,VAC0336,"Pneumovax 23 sol. inj. s.c./i.m. ser. préremplie","PNEUMOVAX"
CTI-EXTEND-224165-01,VAC0336,"Pneumovax 23 sol. inj. s.c./i.m. flac.","PNEUMOVAX"
CTI-EXTEND-224165-02,VAC0336,"Pneumovax 23 sol. inj. s.c./i.m. flac.","PNEUMOVAX"
CTI-EXTEND-224165-03,VAC0336,"Pneumovax 23 sol. inj. s.c./i.m. flac.","PNEUMOVAX"
CTI-EXTEND-598853-01,VAC0780,"Vaxneuvance susp. inj. i.m. ser. préremplie","VAXNEUVANCE"
CTI-EXTEND-594862-01,VAC0780,"Vaxneuvance susp. inj. i.m. ser. préremplie","VAXNEUVANCE"
CTI-EXTEND-594897-01,VAC0780,"Vaxneuvance susp. inj. i.m. ser. préremplie","VAXNEUVANCE"
CTI-EXTEND-594871-01,VAC0780,"Vaxneuvance susp. inj. i.m. ser. préremplie","VAXNEUVANCE"
CTI-EXTEND-594906-01,VAC0780,"Vaxneuvance susp. inj. i.m. ser. préremplie","VAXNEUVANCE"
CTI-EXTEND-594880-01,VAC0780,"Vaxneuvance susp. inj. i.m. ser. préremplie","VAXNEUVANCE"
CTI-EXTEND-594702-01,VAC0780,"Vaxneuvance susp. inj. i.m. ser. préremplie","VAXNEUVANCE"
CTI-EXTEND-596675-01,VAC0900,"Prevenar 20 susp. inj. i.m. ser. préremplie","PREVENAR 20 (previously APEXXNAR)"
CTI-EXTEND-596693-01,VAC0900,"Prevenar 20 susp. inj. i.m. ser. préremplie","PREVENAR 20 (previously APEXXNAR)"
CTI-EXTEND-596684-01,VAC0900,"Prevenar 20 susp. inj. i.m. ser. préremplie","PREVENAR 20 (previously APEXXNAR)"
CTI-EXTEND-596657-01,VAC0900,"Prevenar 20 susp. inj. i.m. ser. préremplie","PREVENAR 20 (previously APEXXNAR)"
CTI-EXTEND-596702-01,VAC0900,"Prevenar 20 susp. inj. i.m. ser. préremplie","PREVENAR 20 (previously APEXXNAR)"
CTI-EXTEND-596666-01,VAC0900,"Prevenar 20 susp. inj. i.m. ser. préremplie","PREVENAR 20 (previously APEXXNAR)"
CTI-EXTEND-596666-03,VAC0900,"Prevenar 20 susp. inj. i.m. ser. préremplie","PREVENAR 20 (previously APEXXNAR)"
CTI-EXTEND-596666-02,VAC0900,"Prevenar 20 susp. inj. i.m. ser. préremplie","PREVENAR 20 (previously APEXXNAR)"
CTI-EXTEND-519342-01,VAC0123,"Prevenar 13 susp. inj. i.m. récip. multidos.","PREVENAR 13"
CTI-EXTEND-519333-01,VAC0123,"Prevenar 13 susp. inj. i.m. récip. multidos.","PREVENAR 13"
CTI-EXTEND-519324-01,VAC0123,"Prevenar 13 susp. inj. i.m. récip. multidos.","PREVENAR 13"
CTI-EXTEND-519351-01,VAC0123,"Prevenar 13 susp. inj. i.m. récip. multidos.","PREVENAR 13"
CTI-EXTEND-519360-01,VAC0123,"Prevenar 13 susp. inj. i.m. récip. multidos.","PREVENAR 13"
CTI-EXTEND-360543-01,VAC0123,"Prevenar 13 susp. inj. i.m. ser. préremplie flac.","PREVENAR 13"
CTI-EXTEND-360577-01,VAC0123,"Prevenar 13 susp. inj. i.m. ser. préremplie flac.","PREVENAR 13"
CTI-EXTEND-360561-01,VAC0123,"Prevenar 13 susp. inj. i.m. ser. préremplie flac.","PREVENAR 13"
CTI-EXTEND-360552-01,VAC0123,"Prevenar 13 susp. inj. i.m. ser. préremplie flac.","PREVENAR 13"
CTI-EXTEND-360534-01,VAC0123,"Prevenar 13 susp. inj. i.m. ser. préremplie flac.","PREVENAR 13"
CTI-EXTEND-360586-01,VAC0123,"Prevenar 13 susp. inj. i.m. ser. préremplie flac.","PREVENAR 13"
CTI-EXTEND-472862-01,VAC0123,"Prevenar 13 susp. inj. i.m. ser. préremplie flac.","PREVENAR 13"
CTI-EXTEND-472871-01,VAC0123,"Prevenar 13 susp. inj. i.m. ser. préremplie flac.","PREVENAR 13"
CTI-EXTEND-472880-01,VAC0123,"Prevenar 13 susp. inj. i.m. ser. préremplie flac.","PREVENAR 13"
CTI-EXTEND-472853-01,VAC0123,"Prevenar 13 susp. inj. i.m. ser. préremplie flac.","PREVENAR 13"
CTI-EXTEND-472844-01,VAC0123,"Prevenar 13 susp. inj. i.m. ser. préremplie flac.","PREVENAR 13"
CTI-EXTEND-360543-02,VAC0123,"Prevenar 13 susp. inj. i.m. ser. préremplie flac.","PREVENAR 13"
CTI-EXTEND-360543-03,VAC0123,"Prevenar 13 susp. inj. i.m. ser. préremplie flac.","PREVENAR 13"
CTI-EXTEND-360543-04,VAC0123,"Prevenar 13 susp. inj. i.m. ser. préremplie flac.","PREVENAR 13"
CTI-EXTEND-664203-01,#MISS,"Capvaxive sol. inj. i.m. ser. préremplie",
CTI-EXTEND-664205-01,#MISS,"Capvaxive sol. inj. i.m. ser. préremplie",
CTI-EXTEND-664206-01,#MISS,"Capvaxive sol. inj. i.m. ser. préremplie",
CTI-EXTEND-664207-01,#MISS,"Capvaxive sol. inj. i.m. ser. préremplie",
CTI-EXTEND-664208-01,#MISS,"Capvaxive sol. inj. i.m. ser. préremplie",
CTI-EXTEND-664209-01,#MISS,"Capvaxive sol. inj. i.m. ser. préremplie",
CTI-EXTEND-520560-01,VAC0083,"Synflorix susp. inj. i.m. flac.","SYNFLORIX"
CTI-EXTEND-520551-01,VAC0083,"Synflorix susp. inj. i.m. flac.","SYNFLORIX"
CTI-EXTEND-338597-01,VAC0083,"Synflorix susp. inj. i.m. flac.","SYNFLORIX"
CTI-EXTEND-338615-01,VAC0083,"Synflorix susp. inj. i.m. flac.","SYNFLORIX"
CTI-EXTEND-338606-01,VAC0083,"Synflorix susp. inj. i.m. flac.","SYNFLORIX"
CTI-EXTEND-338581-01,VAC0083,"Synflorix susp. inj. i.m. ser. préremplie","SYNFLORIX"
CTI-EXTEND-338572-01,VAC0083,"Synflorix susp. inj. i.m. ser. préremplie","SYNFLORIX"
CTI-EXTEND-338563-01,VAC0083,"Synflorix susp. inj. i.m. ser. préremplie","SYNFLORIX"
CTI-EXTEND-365425-01,VAC0083,"Synflorix susp. inj. i.m. ser. préremplie","SYNFLORIX"
CTI-EXTEND-338554-01,VAC0083,"Synflorix susp. inj. i.m. ser. préremplie","SYNFLORIX"
CTI-EXTEND-338545-01,VAC0083,"Synflorix susp. inj. i.m. ser. préremplie","SYNFLORIX"
CTI-EXTEND-338624-01,VAC0083,"Synflorix susp. inj. i.m. flac.","SYNFLORIX"
CTI-EXTEND-534080-01,VAC0451,"Vivotif gél. gastro-résist.","VIVOTIF"
CTI-EXTEND-160307-06,VAC0041,"Typhim Vi 25 µg/dose sol. inj. s.c./i.m. ser. préremplie","TYPHIM VI"
CTI-EXTEND-160307-04,VAC0041,"Typhim Vi 25 µg/dose sol. inj. s.c./i.m. ser. préremplie","TYPHIM VI"
CTI-EXTEND-160307-02,VAC0041,"Typhim Vi 25 µg/dose sol. inj. s.c./i.m. ser. préremplie","TYPHIM VI"
CTI-EXTEND-160307-01,VAC0041,"Typhim Vi 25 µg/dose sol. inj. s.c./i.m. ser. préremplie","TYPHIM VI"
CTI-EXTEND-160307-05,VAC0041,"Typhim Vi 25 µg/dose sol. inj. s.c./i.m. ser. préremplie","TYPHIM VI"
CTI-EXTEND-160307-03,VAC0041,"Typhim Vi 25 µg/dose sol. inj. s.c./i.m. ser. préremplie","TYPHIM VI"
CTI-EXTEND-459137-02,VAC0575,"Fsme-Immun 0.5 ml susp. inj. s.c./i.m. ser. préremplie","FSME-IMMUN"
CTI-EXTEND-459137-01,VAC0575,"Fsme-Immun 0.5 ml susp. inj. s.c./i.m. ser. préremplie","FSME-IMMUN"
CTI-EXTEND-276841-02,VAC0774,"Fsme-Immun 0,25 ml Junior  susp. inj. s.c./i.m. ser. préremplie","FSME-IMMUN 0,25 mL"
CTI-EXTEND-276841-01,VAC0774,"Fsme-Immun 0,25 ml Junior  susp. inj. s.c./i.m. ser. préremplie","FSME-IMMUN 0,25 mL"
CTI-EXTEND-340076-01,VAC0073,"Ixiaro susp. inj. s.c./i.m. ser. préremplie","IXIARO"
CTI-EXTEND-340067-01,VAC0073,"Ixiaro susp. inj. s.c./i.m. ser. préremplie","IXIARO"
CTI-EXTEND-575146-01,VAC0871,"Supemtek Tetra sol. inj. i.m. ser. préremplie","SUPEMTEK TETRA"
CTI-EXTEND-575155-01,VAC0871,"Supemtek Tetra sol. inj. i.m. ser. préremplie","SUPEMTEK TETRA"
CTI-EXTEND-575120-01,VAC0871,"Supemtek Tetra sol. inj. i.m. ser. préremplie","SUPEMTEK TETRA"
CTI-EXTEND-575004-01,VAC0871,"Supemtek Tetra sol. inj. i.m. ser. préremplie","SUPEMTEK TETRA"
CTI-EXTEND-575137-01,VAC0871,"Supemtek Tetra sol. inj. i.m. ser. préremplie","SUPEMTEK TETRA"
CTI-EXTEND-575111-01,VAC0871,"Supemtek Tetra sol. inj. i.m. ser. préremplie","SUPEMTEK TETRA"
CTI-EXTEND-571466-01,VAC0475,"Foclivia susp. inj. i.m. ser. préremplie","FOCLIVIA"
CTI-EXTEND-571457-01,VAC0475,"Foclivia susp. inj. i.m. ser. préremplie","FOCLIVIA"
CTI-EXTEND-357847-01,VAC0475,"Foclivia susp. inj. i.m. ser. préremplie","FOCLIVIA"
CTI-EXTEND-357831-01,VAC0475,"Foclivia susp. inj. i.m. ser. préremplie","FOCLIVIA"
CTI-EXTEND-560471-25,VAC0649,"Efluelda Tetra susp. inj. s.c./i.m. ser. préremplie","EFLUELDA TETRA"
CTI-EXTEND-560471-26,VAC0649,"Efluelda Tetra susp. inj. s.c./i.m. ser. préremplie","EFLUELDA TETRA"
CTI-EXTEND-560471-27,VAC0649,"Efluelda Tetra susp. inj. s.c./i.m. ser. préremplie","EFLUELDA TETRA"
CTI-EXTEND-560471-28,VAC0649,"Efluelda Tetra susp. inj. s.c./i.m. ser. préremplie","EFLUELDA TETRA"
CTI-EXTEND-560471-29,VAC0649,"Efluelda Tetra susp. inj. s.c./i.m. ser. préremplie","EFLUELDA TETRA"
CTI-EXTEND-560471-30,VAC0649,"Efluelda Tetra susp. inj. s.c./i.m. ser. préremplie","EFLUELDA TETRA"
CTI-EXTEND-514142-24,VAC0562,"Influvac Tetra susp. inj. s.c./i.m. ser. préremplie","INFLUVAC TETRA"
CTI-EXTEND-514142-25,VAC0562,"Influvac Tetra susp. inj. s.c./i.m. ser. préremplie","INFLUVAC TETRA"
CTI-EXTEND-514142-26,VAC0562,"Influvac Tetra susp. inj. s.c./i.m. ser. préremplie","INFLUVAC TETRA"
CTI-EXTEND-514142-23,VAC0562,"Influvac Tetra susp. inj. s.c./i.m. ser. préremplie","INFLUVAC TETRA"
CTI-EXTEND-501511-37,VAC0560,"Vaxigrip Tetra susp. inj. s.c./i.m. ser. préremplie","VAXIGRIPTETRA"
CTI-EXTEND-501511-34,VAC0560,"Vaxigrip Tetra susp. inj. s.c./i.m. ser. préremplie","VAXIGRIPTETRA"
CTI-EXTEND-501511-35,VAC0560,"Vaxigrip Tetra susp. inj. s.c./i.m. ser. préremplie","VAXIGRIPTETRA"
CTI-EXTEND-501511-36,VAC0560,"Vaxigrip Tetra susp. inj. s.c./i.m. ser. préremplie","VAXIGRIPTETRA"
CTI-EXTEND-501511-33,VAC0560,"Vaxigrip Tetra susp. inj. s.c./i.m. ser. préremplie","VAXIGRIPTETRA"
CTI-EXTEND-456924-30,VAC0563,"Alpharix-Tetra susp. inj. i.m. ser. préremplie","ALPHA-RIX-TETRA"
CTI-EXTEND-456924-31,VAC0563,"Alpharix-Tetra susp. inj. i.m. ser. préremplie","ALPHA-RIX-TETRA"
CTI-EXTEND-456924-28,VAC0563,"Alpharix-Tetra susp. inj. i.m. ser. préremplie","ALPHA-RIX-TETRA"
CTI-EXTEND-456924-29,VAC0563,"Alpharix-Tetra susp. inj. i.m. ser. préremplie","ALPHA-RIX-TETRA"
CTI-EXTEND-385655-01,VAC0170,"Aflunov susp. inj. i.m. ser. préremplie","AFLUNOV"
CTI-EXTEND-385646-01,VAC0170,"Aflunov susp. inj. i.m. ser. préremplie","AFLUNOV"
CTI-EXTEND-357865-01,VAC0475,"Foclivia susp. inj. i.m. flac.","FOCLIVIA"
CTI-EXTEND-357874-01,VAC0777,"Adjupanrix émuls. inj. (émuls. + susp.) i.m. flac.","ADJUPANRIX"
CTI-EXTEND-350962-01,VAC0472,"Prepandrix émuls. inj. (émuls. + susp.) i.m. flac.","PREPANDRIX"
CTI-EXTEND-662050-01,VAC1338,"Zoonotic Influenza Vaccine Seqirus susp. inj. i.m. ser. préremplie","ZOONOTIC"
CTI-EXTEND-662051-01,VAC1338,"Zoonotic Influenza Vaccine Seqirus susp. inj. i.m. ser. préremplie","ZOONOTIC"
CTI-EXTEND-662556-01,VAC1331,"Celldemic susp. inj. i.m. ser. préremplie","CELLDEMIC"
CTI-EXTEND-662557-01,VAC1335,"Incellipan susp. inj. i.m. ser. préremplie","INCELLIPAN"
CTI-EXTEND-662891-13,VAC0016,"Influvac susp. inj. s.c./i.m. ser. préremplie","INFLUVAC 0,5 mL"
CTI-EXTEND-662891-14,VAC0016,"Influvac susp. inj. s.c./i.m. ser. préremplie","INFLUVAC 0,5 mL"
CTI-EXTEND-662891-15,VAC0016,"Influvac susp. inj. s.c./i.m. ser. préremplie","INFLUVAC 0,5 mL"
CTI-EXTEND-662891-16,VAC0016,"Influvac susp. inj. s.c./i.m. ser. préremplie","INFLUVAC 0,5 mL"
CTI-EXTEND-663512-12,VAC0062,"Vaxigrip susp. inj. s.c./i.m. ser. préremplie","VAXIGRIP"
CTI-EXTEND-663512-09,VAC0062,"Vaxigrip susp. inj. s.c./i.m. ser. préremplie","VAXIGRIP"
CTI-EXTEND-663512-10,VAC0062,"Vaxigrip susp. inj. s.c./i.m. ser. préremplie","VAXIGRIP"
CTI-EXTEND-663512-11,VAC0062,"Vaxigrip susp. inj. s.c./i.m. ser. préremplie","VAXIGRIP"
CTI-EXTEND-663552-03,VAC0926,"Flucelvax susp. inj. i.m. ser. préremplie","FLUCELVAX"
CTI-EXTEND-663568-03,VAC0926,"Flucelvax susp. inj. i.m. ser. préremplie","FLUCELVAX"
CTI-EXTEND-663569-03,VAC0926,"Flucelvax susp. inj. i.m. ser. préremplie","FLUCELVAX"
CTI-EXTEND-663570-03,VAC0926,"Flucelvax susp. inj. i.m. ser. préremplie","FLUCELVAX"
CTI-EXTEND-663610-02,VAC0230,"Fluad susp. inj. i.m. ser. préremplie","FLUAD"
CTI-EXTEND-663611-02,VAC0230,"Fluad susp. inj. i.m. ser. préremplie","FLUAD"
CTI-EXTEND-663612-02,VAC0230,"Fluad susp. inj. i.m. ser. préremplie","FLUAD"
CTI-EXTEND-663613-02,VAC0230,"Fluad susp. inj. i.m. ser. préremplie","FLUAD"
CTI-EXTEND-663606-16,VAC1347,"Efluelda susp. inj. s.c./i.m. ser. préremplie","EFLUELDA"
CTI-EXTEND-663606-17,VAC1347,"Efluelda susp. inj. s.c./i.m. ser. préremplie","EFLUELDA"
CTI-EXTEND-663606-18,VAC1347,"Efluelda susp. inj. s.c./i.m. ser. préremplie","EFLUELDA"
CTI-EXTEND-663606-13,VAC1347,"Efluelda susp. inj. s.c./i.m. ser. préremplie","EFLUELDA"
CTI-EXTEND-663606-14,VAC1347,"Efluelda susp. inj. s.c./i.m. ser. préremplie","EFLUELDA"
CTI-EXTEND-663606-15,VAC1347,"Efluelda susp. inj. s.c./i.m. ser. préremplie","EFLUELDA"
CTI-EXTEND-663934-11,VAC0990,"Alpharix susp. inj. i.m. ser. préremplie","ALPHARIX"
CTI-EXTEND-663934-09,VAC0990,"Alpharix susp. inj. i.m. ser. préremplie","ALPHARIX"
CTI-EXTEND-663934-10,VAC0990,"Alpharix susp. inj. i.m. ser. préremplie","ALPHARIX"
CTI-EXTEND-663934-12,VAC0990,"Alpharix susp. inj. i.m. ser. préremplie","ALPHARIX"
CTI-EXTEND-665937-01,#MISS,"Supemtek sol. inj. i.m. ser. préremplie",
CTI-EXTEND-665938-01,#MISS,"Supemtek sol. inj. i.m. ser. préremplie",
CTI-EXTEND-665939-01,#MISS,"Supemtek sol. inj. i.m. ser. préremplie",
CTI-EXTEND-665940-01,#MISS,"Supemtek sol. inj. i.m. ser. préremplie",
CTI-EXTEND-665941-01,#MISS,"Supemtek sol. inj. i.m. ser. préremplie",
CTI-EXTEND-665935-01,#MISS,"Supemtek sol. inj. i.m. ser. préremplie",
CTI-EXTEND-501600-01,#MISS,"Pandemic Influenza Vaccine H5N1 AstraZeneca susp. pulv. nas.",
CTI-EXTEND-662793-01,VAC0173,"Fluenz susp. pulv. nas. flac. pulv.","FLUENZ"
CTI-EXTEND-662794-01,VAC0173,"Fluenz susp. pulv. nas. flac. pulv.","FLUENZ"
CTI-EXTEND-580880-01,VAC0733,"Heplisav B 20 µg sol. inj. i.m. ser. préremplie","HEPLISAV-B"
CTI-EXTEND-661896-01,VAC0733,"Heplisav B 20 µg sol. inj. i.m. ser. préremplie","HEPLISAV-B"
CTI-EXTEND-328352-01,VAC0009,"HBVaxPro 10 µg/ml susp. inj. s.c./i.m. ser. préremplie","HBVAXPRO 10 µg"
CTI-EXTEND-284627-01,VAC0009,"HBVaxPro 10 µg/ml susp. inj. s.c./i.m. ser. préremplie","HBVAXPRO 10 µg"
CTI-EXTEND-284593-01,VAC0009,"HBVaxPro 10 µg/ml susp. inj. s.c./i.m. ser. préremplie","HBVAXPRO 10 µg"
CTI-EXTEND-223885-01,VAC0009,"HBVaxPro 10 µg/ml susp. inj. s.c./i.m. ser. préremplie","HBVAXPRO 10 µg"
CTI-EXTEND-223903-01,VAC0009,"HBVaxPro 10 µg/ml susp. inj. s.c./i.m. ser. préremplie","HBVAXPRO 10 µg"
CTI-EXTEND-284611-01,VAC0009,"HBVaxPro 10 µg/ml susp. inj. s.c./i.m. ser. préremplie","HBVAXPRO 10 µg"
CTI-EXTEND-284602-01,VAC0009,"HBVaxPro 10 µg/ml susp. inj. s.c./i.m. ser. préremplie","HBVAXPRO 10 µg"
CTI-EXTEND-328343-01,VAC0011,"HBVaxPro 5 µg/0.5 ml susp. inj. s.c./i.m. ser. préremplie","HBVAXPRO 5 µg"
CTI-EXTEND-328334-01,VAC0011,"HBVaxPro 5 µg/0.5 ml susp. inj. s.c./i.m. ser. préremplie","HBVAXPRO 5 µg"
CTI-EXTEND-284584-01,VAC0011,"HBVaxPro 5 µg/0.5 ml susp. inj. s.c./i.m. ser. préremplie","HBVAXPRO 5 µg"
CTI-EXTEND-284541-01,VAC0011,"HBVaxPro 5 µg/0.5 ml susp. inj. s.c./i.m. ser. préremplie","HBVAXPRO 5 µg"
CTI-EXTEND-284532-01,VAC0011,"HBVaxPro 5 µg/0.5 ml susp. inj. s.c./i.m. ser. préremplie","HBVAXPRO 5 µg"
CTI-EXTEND-223824-01,VAC0011,"HBVaxPro 5 µg/0.5 ml susp. inj. s.c./i.m. ser. préremplie","HBVAXPRO 5 µg"
CTI-EXTEND-223815-01,VAC0011,"HBVaxPro 5 µg/0.5 ml susp. inj. s.c./i.m. ser. préremplie","HBVAXPRO 5 µg"
CTI-EXTEND-284575-01,VAC0011,"HBVaxPro 5 µg/0.5 ml susp. inj. s.c./i.m. ser. préremplie","HBVAXPRO 5 µg"
CTI-EXTEND-284557-01,VAC0011,"HBVaxPro 5 µg/0.5 ml susp. inj. s.c./i.m. ser. préremplie","HBVAXPRO 5 µg"
CTI-EXTEND-284566-01,VAC0011,"HBVaxPro 5 µg/0.5 ml susp. inj. s.c./i.m. ser. préremplie","HBVAXPRO 5 µg"
CTI-EXTEND-275974-01,VAC0480,"Fendrix susp. inj. i.m. ser. préremplie","FENDRIX"
CTI-EXTEND-275965-01,VAC0480,"Fendrix susp. inj. i.m. ser. préremplie","FENDRIX"
CTI-EXTEND-275956-01,VAC0480,"Fendrix susp. inj. i.m. ser. préremplie","FENDRIX"
CTI-EXTEND-252725-01,VAC1057,"Engerix B Junior 10 µg/0.5 ml susp. inj. s.c./i.m. flac.","ENGERIX B JUNIOR"
CTI-EXTEND-252725-03,VAC1057,"Engerix B Junior 10 µg/0.5 ml susp. inj. s.c./i.m. flac.","ENGERIX B JUNIOR"
CTI-EXTEND-252725-06,VAC1057,"Engerix B Junior 10 µg/0.5 ml susp. inj. s.c./i.m. flac.","ENGERIX B JUNIOR"
CTI-EXTEND-252682-02,VAC0046,"Engerix B 20 µg/1 ml susp. inj. s.c./i.m. ser. préremplie","ENGERIX B 20 µg"
CTI-EXTEND-252682-01,VAC0046,"Engerix B 20 µg/1 ml susp. inj. s.c./i.m. ser. préremplie","ENGERIX B 20 µg"
CTI-EXTEND-252682-05,VAC0046,"Engerix B 20 µg/1 ml susp. inj. s.c./i.m. ser. préremplie","ENGERIX B 20 µg"
CTI-EXTEND-252682-04,VAC0046,"Engerix B 20 µg/1 ml susp. inj. s.c./i.m. ser. préremplie","ENGERIX B 20 µg"
CTI-EXTEND-248954-01,VAC0011,"HBVaxPro 5 µg/0.5 ml susp. inj. s.c./i.m. flac.","HBVAXPRO 5 µg"
CTI-EXTEND-223781-01,VAC0011,"HBVaxPro 5 µg/0.5 ml susp. inj. s.c./i.m. flac.","HBVAXPRO 5 µg"
CTI-EXTEND-252716-02,VAC1057,"Engerix B Junior 10 µg/0.5 ml susp. inj. s.c./i.m. ser. préremplie","ENGERIX B JUNIOR"
CTI-EXTEND-252716-01,VAC1057,"Engerix B Junior 10 µg/0.5 ml susp. inj. s.c./i.m. ser. préremplie","ENGERIX B JUNIOR"
CTI-EXTEND-252716-06,VAC1057,"Engerix B Junior 10 µg/0.5 ml susp. inj. s.c./i.m. ser. préremplie","ENGERIX B JUNIOR"
CTI-EXTEND-252716-05,VAC1057,"Engerix B Junior 10 µg/0.5 ml susp. inj. s.c./i.m. ser. préremplie","ENGERIX B JUNIOR"
CTI-EXTEND-252691-01,VAC0046,"Engerix B 20 µg/1 ml susp. inj. s.c./i.m. flac.","ENGERIX B 20 µg"
CTI-EXTEND-252691-05,VAC0046,"Engerix B 20 µg/1 ml susp. inj. s.c./i.m. flac.","ENGERIX B 20 µg"
CTI-EXTEND-252691-03,VAC0046,"Engerix B 20 µg/1 ml susp. inj. s.c./i.m. flac.","ENGERIX B 20 µg"
CTI-EXTEND-252691-04,VAC0046,"Engerix B 20 µg/1 ml susp. inj. s.c./i.m. flac.","ENGERIX B 20 µg"
CTI-EXTEND-223921-01,VAC0010,"HBVaxPro 40 µg/ml susp. inj. s.c./i.m. flac.","HBVAXPRO 40 µg"
CTI-EXTEND-223851-01,VAC0009,"HBVaxPro 10 µg/ml susp. inj. s.c./i.m. flac.","HBVAXPRO 10 µg"
CTI-EXTEND-223842-01,VAC0009,"HBVaxPro 10 µg/ml susp. inj. s.c./i.m. flac.","HBVAXPRO 10 µg"
CTI-EXTEND-187031-04,VAC0166,"Vaqta 50 UI/ml susp. inj. s.c./i.m. flac.","VAQTA 50 U"
CTI-EXTEND-187031-01,VAC0166,"Vaqta 50 UI/ml susp. inj. s.c./i.m. flac.","VAQTA 50 U"
CTI-EXTEND-187031-03,VAC0166,"Vaqta 50 UI/ml susp. inj. s.c./i.m. flac.","VAQTA 50 U"
CTI-EXTEND-187031-02,VAC0166,"Vaqta 50 UI/ml susp. inj. s.c./i.m. flac.","VAQTA 50 U"
CTI-EXTEND-185473-02,VAC0003,"Avaxim susp. inj. s.c./i.m. ser. préremplie","AVAXIM 160 U"
CTI-EXTEND-185473-05,VAC0003,"Avaxim susp. inj. s.c./i.m. ser. préremplie","AVAXIM 160 U"
CTI-EXTEND-185473-06,VAC0003,"Avaxim susp. inj. s.c./i.m. ser. préremplie","AVAXIM 160 U"
CTI-EXTEND-185473-04,VAC0003,"Avaxim susp. inj. s.c./i.m. ser. préremplie","AVAXIM 160 U"
CTI-EXTEND-185473-03,VAC0003,"Avaxim susp. inj. s.c./i.m. ser. préremplie","AVAXIM 160 U"
CTI-EXTEND-185473-01,VAC0003,"Avaxim susp. inj. s.c./i.m. ser. préremplie","AVAXIM 160 U"
CTI-EXTEND-185473-07,VAC0003,"Avaxim susp. inj. s.c./i.m. ser. préremplie","AVAXIM 160 U"
CTI-EXTEND-185473-08,VAC0003,"Avaxim susp. inj. s.c./i.m. ser. préremplie","AVAXIM 160 U"
CTI-EXTEND-187013-01,VAC0165,"Vaqta Junior 25 UI/0.5 ml susp. inj. s.c./i.m. flac.","VAQTA 25 U/0,5 mL"
CTI-EXTEND-187013-02,VAC0165,"Vaqta Junior 25 UI/0.5 ml susp. inj. s.c./i.m. flac.","VAQTA 25 U/0,5 mL"
CTI-EXTEND-187013-03,VAC0165,"Vaqta Junior 25 UI/0.5 ml susp. inj. s.c./i.m. flac.","VAQTA 25 U/0,5 mL"
CTI-EXTEND-187013-04,VAC0165,"Vaqta Junior 25 UI/0.5 ml susp. inj. s.c./i.m. flac.","VAQTA 25 U/0,5 mL"
CTI-EXTEND-187022-05,VAC0166,"Vaqta 50 UI/ml susp. inj. s.c./i.m. ser. préremplie","VAQTA 50 U"
CTI-EXTEND-187022-06,VAC0166,"Vaqta 50 UI/ml susp. inj. s.c./i.m. ser. préremplie","VAQTA 50 U"
CTI-EXTEND-187022-08,VAC0166,"Vaqta 50 UI/ml susp. inj. s.c./i.m. ser. préremplie","VAQTA 50 U"
CTI-EXTEND-187022-10,VAC0166,"Vaqta 50 UI/ml susp. inj. s.c./i.m. ser. préremplie","VAQTA 50 U"
CTI-EXTEND-187022-11,VAC0166,"Vaqta 50 UI/ml susp. inj. s.c./i.m. ser. préremplie","VAQTA 50 U"
CTI-EXTEND-187022-12,VAC0166,"Vaqta 50 UI/ml susp. inj. s.c./i.m. ser. préremplie","VAQTA 50 U"
CTI-EXTEND-187022-01,VAC0166,"Vaqta 50 UI/ml susp. inj. s.c./i.m. ser. préremplie","VAQTA 50 U"
CTI-EXTEND-187022-03,VAC0166,"Vaqta 50 UI/ml susp. inj. s.c./i.m. ser. préremplie","VAQTA 50 U"
CTI-EXTEND-187022-04,VAC0166,"Vaqta 50 UI/ml susp. inj. s.c./i.m. ser. préremplie","VAQTA 50 U"
CTI-EXTEND-187022-02,VAC0166,"Vaqta 50 UI/ml susp. inj. s.c./i.m. ser. préremplie","VAQTA 50 U"
CTI-EXTEND-187022-07,VAC0166,"Vaqta 50 UI/ml susp. inj. s.c./i.m. ser. préremplie","VAQTA 50 U"
CTI-EXTEND-187022-09,VAC0166,"Vaqta 50 UI/ml susp. inj. s.c./i.m. ser. préremplie","VAQTA 50 U"
CTI-EXTEND-187004-05,VAC0165,"Vaqta Junior 25 UI/0.5 ml susp. inj. s.c./i.m. ser. préremplie","VAQTA 25 U/0,5 mL"
CTI-EXTEND-187004-08,VAC0165,"Vaqta Junior 25 UI/0.5 ml susp. inj. s.c./i.m. ser. préremplie","VAQTA 25 U/0,5 mL"
CTI-EXTEND-187004-01,VAC0165,"Vaqta Junior 25 UI/0.5 ml susp. inj. s.c./i.m. ser. préremplie","VAQTA 25 U/0,5 mL"
CTI-EXTEND-187004-02,VAC0165,"Vaqta Junior 25 UI/0.5 ml susp. inj. s.c./i.m. ser. préremplie","VAQTA 25 U/0,5 mL"
CTI-EXTEND-187004-03,VAC0165,"Vaqta Junior 25 UI/0.5 ml susp. inj. s.c./i.m. ser. préremplie","VAQTA 25 U/0,5 mL"
CTI-EXTEND-187004-06,VAC0165,"Vaqta Junior 25 UI/0.5 ml susp. inj. s.c./i.m. ser. préremplie","VAQTA 25 U/0,5 mL"
CTI-EXTEND-187004-13,VAC0165,"Vaqta Junior 25 UI/0.5 ml susp. inj. s.c./i.m. ser. préremplie","VAQTA 25 U/0,5 mL"
CTI-EXTEND-187004-14,VAC0165,"Vaqta Junior 25 UI/0.5 ml susp. inj. s.c./i.m. ser. préremplie","VAQTA 25 U/0,5 mL"
CTI-EXTEND-187004-15,VAC0165,"Vaqta Junior 25 UI/0.5 ml susp. inj. s.c./i.m. ser. préremplie","VAQTA 25 U/0,5 mL"
CTI-EXTEND-187004-16,VAC0165,"Vaqta Junior 25 UI/0.5 ml susp. inj. s.c./i.m. ser. préremplie","VAQTA 25 U/0,5 mL"
CTI-EXTEND-187004-04,VAC0165,"Vaqta Junior 25 UI/0.5 ml susp. inj. s.c./i.m. ser. préremplie","VAQTA 25 U/0,5 mL"
CTI-EXTEND-187004-07,VAC0165,"Vaqta Junior 25 UI/0.5 ml susp. inj. s.c./i.m. ser. préremplie","VAQTA 25 U/0,5 mL"
CTI-EXTEND-180223-07,VAC0050,"Havrix Junior 720 susp. inj. s.c./i.m. flac.","HAVRIX 720 U/0,5 mL"
CTI-EXTEND-180223-01,VAC0050,"Havrix Junior 720 susp. inj. s.c./i.m. flac.","HAVRIX 720 U/0,5 mL"
CTI-EXTEND-180223-02,VAC0050,"Havrix Junior 720 susp. inj. s.c./i.m. flac.","HAVRIX 720 U/0,5 mL"
CTI-EXTEND-180223-03,VAC0050,"Havrix Junior 720 susp. inj. s.c./i.m. flac.","HAVRIX 720 U/0,5 mL"
CTI-EXTEND-180223-09,VAC0050,"Havrix Junior 720 susp. inj. s.c./i.m. flac.","HAVRIX 720 U/0,5 mL"
CTI-EXTEND-180232-01,VAC0050,"Havrix Junior 720 susp. inj. s.c./i.m. ser. préremplie","HAVRIX 720 U/0,5 mL"
CTI-EXTEND-180232-02,VAC0050,"Havrix Junior 720 susp. inj. s.c./i.m. ser. préremplie","HAVRIX 720 U/0,5 mL"
CTI-EXTEND-180232-03,VAC0050,"Havrix Junior 720 susp. inj. s.c./i.m. ser. préremplie","HAVRIX 720 U/0,5 mL"
CTI-EXTEND-180232-04,VAC0050,"Havrix Junior 720 susp. inj. s.c./i.m. ser. préremplie","HAVRIX 720 U/0,5 mL"
CTI-EXTEND-180232-05,VAC0050,"Havrix Junior 720 susp. inj. s.c./i.m. ser. préremplie","HAVRIX 720 U/0,5 mL"
CTI-EXTEND-180232-06,VAC0050,"Havrix Junior 720 susp. inj. s.c./i.m. ser. préremplie","HAVRIX 720 U/0,5 mL"
CTI-EXTEND-180232-07,VAC0050,"Havrix Junior 720 susp. inj. s.c./i.m. ser. préremplie","HAVRIX 720 U/0,5 mL"
CTI-EXTEND-180232-08,VAC0050,"Havrix Junior 720 susp. inj. s.c./i.m. ser. préremplie","HAVRIX 720 U/0,5 mL"
CTI-EXTEND-167386-07,VAC0049,"Havrix 1440 susp. inj. s.c./i.m. flac.","HAVRIX 1440 U/1mL"
CTI-EXTEND-167386-01,VAC0049,"Havrix 1440 susp. inj. s.c./i.m. flac.","HAVRIX 1440 U/1mL"
CTI-EXTEND-167386-03,VAC0049,"Havrix 1440 susp. inj. s.c./i.m. flac.","HAVRIX 1440 U/1mL"
CTI-EXTEND-167386-02,VAC0049,"Havrix 1440 susp. inj. s.c./i.m. flac.","HAVRIX 1440 U/1mL"
CTI-EXTEND-167395-02,VAC0049,"Havrix 1440 susp. inj. s.c./i.m. ser. préremplie","HAVRIX 1440 U/1mL"
CTI-EXTEND-167395-01,VAC0049,"Havrix 1440 susp. inj. s.c./i.m. ser. préremplie","HAVRIX 1440 U/1mL"
CTI-EXTEND-167395-05,VAC0049,"Havrix 1440 susp. inj. s.c./i.m. ser. préremplie","HAVRIX 1440 U/1mL"
CTI-EXTEND-167395-06,VAC0049,"Havrix 1440 susp. inj. s.c./i.m. ser. préremplie","HAVRIX 1440 U/1mL"
CTI-EXTEND-167395-07,VAC0049,"Havrix 1440 susp. inj. s.c./i.m. ser. préremplie","HAVRIX 1440 U/1mL"
CTI-EXTEND-167395-08,VAC0049,"Havrix 1440 susp. inj. s.c./i.m. ser. préremplie","HAVRIX 1440 U/1mL"
CTI-EXTEND-167395-04,VAC0049,"Havrix 1440 susp. inj. s.c./i.m. ser. préremplie","HAVRIX 1440 U/1mL"
CTI-EXTEND-167395-03,VAC0049,"Havrix 1440 susp. inj. s.c./i.m. ser. préremplie","HAVRIX 1440 U/1mL"
CTI-EXTEND-664737-01,#MISS,"Havrix 1440 (PI Pharma) susp. inj. i.m. ser. préremplie",
CTI-EXTEND-664737-02,#MISS,"Havrix 1440 (PI Pharma) susp. inj. i.m. ser. préremplie",
CTI-EXTEND-664737-03,#MISS,"Havrix 1440 (PI Pharma) susp. inj. i.m. ser. préremplie",
CTI-EXTEND-664737-04,#MISS,"Havrix 1440 (PI Pharma) susp. inj. i.m. ser. préremplie",
CTI-EXTEND-666338-01,#MISS,"Avaxim  (PI Pharma) susp. inj. s.c./i.m. ser. préremplie",
CTI-EXTEND-666338-04,#MISS,"Avaxim  (PI Pharma) susp. inj. s.c./i.m. ser. préremplie",
CTI-EXTEND-666338-03,#MISS,"Avaxim  (PI Pharma) susp. inj. s.c./i.m. ser. préremplie",
CTI-EXTEND-666338-02,#MISS,"Avaxim  (PI Pharma) susp. inj. s.c./i.m. ser. préremplie",
CTI-EXTEND-247536-01,VAC0168,"Ambirix susp. inj. s.c./i.m. ser. préremplie","AMBIRIX"
CTI-EXTEND-247502-01,VAC0168,"Ambirix susp. inj. s.c./i.m. ser. préremplie","AMBIRIX"
CTI-EXTEND-247511-01,VAC0168,"Ambirix susp. inj. s.c./i.m. ser. préremplie","AMBIRIX"
CTI-EXTEND-247493-01,VAC0168,"Ambirix susp. inj. s.c./i.m. ser. préremplie","AMBIRIX"
CTI-EXTEND-247527-01,VAC0168,"Ambirix susp. inj. s.c./i.m. ser. préremplie","AMBIRIX"
CTI-EXTEND-191834-01,VAC0057,"Twinrix Adulte susp. inj. s.c./i.m. ser. préremplie","TWINRIX 20 µg"
CTI-EXTEND-191816-01,VAC0057,"Twinrix Adulte susp. inj. s.c./i.m. ser. préremplie","TWINRIX 20 µg"
CTI-EXTEND-191825-01,VAC0057,"Twinrix Adulte susp. inj. s.c./i.m. ser. préremplie","TWINRIX 20 µg"
CTI-EXTEND-181842-01,VAC0057,"Twinrix Adulte susp. inj. s.c./i.m. ser. préremplie","TWINRIX 20 µg"
CTI-EXTEND-181833-01,VAC0057,"Twinrix Adulte susp. inj. s.c./i.m. ser. préremplie","TWINRIX 20 µg"
CTI-EXTEND-182034-01,VAC0057,"Twinrix Adulte susp. inj. s.c./i.m. ser. préremplie","TWINRIX 20 µg"
CTI-EXTEND-191834-02,VAC0057,"Twinrix Adulte susp. inj. s.c./i.m. ser. préremplie","TWINRIX 20 µg"
CTI-EXTEND-181824-01,VAC0058,"Twinrix Enfant susp. inj. s.c./i.m. ser. préremplie","TWINRIX 10 µg"
CTI-EXTEND-191843-01,VAC0058,"Twinrix Enfant susp. inj. s.c./i.m. ser. préremplie","TWINRIX 10 µg"
CTI-EXTEND-182007-01,VAC0058,"Twinrix Enfant susp. inj. s.c./i.m. ser. préremplie","TWINRIX 10 µg"
CTI-EXTEND-191852-01,VAC0058,"Twinrix Enfant susp. inj. s.c./i.m. ser. préremplie","TWINRIX 10 µg"
CTI-EXTEND-222363-01,VAC0058,"Twinrix Enfant susp. inj. s.c./i.m. ser. préremplie","TWINRIX 10 µg"
CTI-EXTEND-241875-01,VAC0058,"Twinrix Enfant susp. inj. s.c./i.m. ser. préremplie","TWINRIX 10 µg"
CTI-EXTEND-241866-01,VAC0058,"Twinrix Enfant susp. inj. s.c./i.m. ser. préremplie","TWINRIX 10 µg"
CTI-EXTEND-287454-01,VAC0017,"M-M-RVaxPro susp. inj. (pdr. + solv.) s.c./i.m. flac.","M-M-RVAXPRO"
CTI-EXTEND-287463-01,VAC0017,"M-M-RVaxPro susp. inj. (pdr. + solv.) s.c./i.m. flac.","M-M-RVAXPRO"
CTI-EXTEND-561591-01,VAC0017,"M-M-RVaxPro susp. inj. (pdr. + solv.) s.c./i.m. flac.","M-M-RVAXPRO"
CTI-EXTEND-439336-03,VAC0053,"Priorix sol. inj. (pdr. + solv.) s.c./i.m. amp. ser. préremplie flac.","PRIORIX"
CTI-EXTEND-368067-01,VAC0053,"Priorix sol. inj. (pdr. + solv.) s.c./i.m. amp. ser. préremplie flac.","PRIORIX"
CTI-EXTEND-190872-09,VAC0053,"Priorix sol. inj. (pdr. + solv.) s.c./i.m. amp. ser. préremplie flac.","PRIORIX"
CTI-EXTEND-190872-10,VAC0053,"Priorix sol. inj. (pdr. + solv.) s.c./i.m. amp. ser. préremplie flac.","PRIORIX"
CTI-EXTEND-190872-02,VAC0053,"Priorix sol. inj. (pdr. + solv.) s.c./i.m. amp. ser. préremplie flac.","PRIORIX"
CTI-EXTEND-190872-01,VAC0053,"Priorix sol. inj. (pdr. + solv.) s.c./i.m. amp. ser. préremplie flac.","PRIORIX"
CTI-EXTEND-287725-01,VAC0017,"M-M-RVaxPro susp. inj. (pdr. + solv.) s.c./i.m. ser. préremplie flac.","M-M-RVAXPRO"
CTI-EXTEND-287707-01,VAC0017,"M-M-RVaxPro susp. inj. (pdr. + solv.) s.c./i.m. ser. préremplie flac.","M-M-RVAXPRO"
CTI-EXTEND-287743-01,VAC0017,"M-M-RVaxPro susp. inj. (pdr. + solv.) s.c./i.m. ser. préremplie flac.","M-M-RVAXPRO"
CTI-EXTEND-287506-01,VAC0017,"M-M-RVaxPro susp. inj. (pdr. + solv.) s.c./i.m. ser. préremplie flac.","M-M-RVAXPRO"
CTI-EXTEND-287497-01,VAC0017,"M-M-RVaxPro susp. inj. (pdr. + solv.) s.c./i.m. ser. préremplie flac.","M-M-RVAXPRO"
CTI-EXTEND-287734-01,VAC0017,"M-M-RVaxPro susp. inj. (pdr. + solv.) s.c./i.m. ser. préremplie flac.","M-M-RVAXPRO"
CTI-EXTEND-287682-01,VAC0017,"M-M-RVaxPro susp. inj. (pdr. + solv.) s.c./i.m. ser. préremplie flac.","M-M-RVAXPRO"
CTI-EXTEND-287716-01,VAC0017,"M-M-RVaxPro susp. inj. (pdr. + solv.) s.c./i.m. ser. préremplie flac.","M-M-RVAXPRO"
CTI-EXTEND-287691-01,VAC0017,"M-M-RVaxPro susp. inj. (pdr. + solv.) s.c./i.m. ser. préremplie flac.","M-M-RVAXPRO"
CTI-EXTEND-303852-02,VAC0121,"Priorix-Tetra sol. inj. (pdr. + solv.) s.c./i.m. ser. préremplie flac.","PRIORIX-TETRA"
CTI-EXTEND-303852-03,VAC0121,"Priorix-Tetra sol. inj. (pdr. + solv.) s.c./i.m. ser. préremplie flac.","PRIORIX-TETRA"
CTI-EXTEND-303852-01,VAC0121,"Priorix-Tetra sol. inj. (pdr. + solv.) s.c./i.m. ser. préremplie flac.","PRIORIX-TETRA"
CTI-EXTEND-303852-04,VAC0121,"Priorix-Tetra sol. inj. (pdr. + solv.) s.c./i.m. ser. préremplie flac.","PRIORIX-TETRA"
CTI-EXTEND-287271-01,VAC0174,"ProQuad susp. inj. (pdr. + solv.) s.c./i.m. ser. préremplie flac.","PROQUAD"
CTI-EXTEND-287217-01,VAC0174,"ProQuad susp. inj. (pdr. + solv.) s.c./i.m. ser. préremplie flac.","PROQUAD"
CTI-EXTEND-288172-01,VAC0174,"ProQuad susp. inj. (pdr. + solv.) s.c./i.m. ser. préremplie flac.","PROQUAD"
CTI-EXTEND-287305-01,VAC0174,"ProQuad susp. inj. (pdr. + solv.) s.c./i.m. ser. préremplie flac.","PROQUAD"
CTI-EXTEND-287201-01,VAC0174,"ProQuad susp. inj. (pdr. + solv.) s.c./i.m. ser. préremplie flac.","PROQUAD"
CTI-EXTEND-287296-01,VAC0174,"ProQuad susp. inj. (pdr. + solv.) s.c./i.m. ser. préremplie flac.","PROQUAD"
CTI-EXTEND-287253-01,VAC0174,"ProQuad susp. inj. (pdr. + solv.) s.c./i.m. ser. préremplie flac.","PROQUAD"
CTI-EXTEND-288181-01,VAC0174,"ProQuad susp. inj. (pdr. + solv.) s.c./i.m. ser. préremplie flac.","PROQUAD"
CTI-EXTEND-287244-01,VAC0174,"ProQuad susp. inj. (pdr. + solv.) s.c./i.m. ser. préremplie flac.","PROQUAD"
CTI-EXTEND-287287-01,VAC0174,"ProQuad susp. inj. (pdr. + solv.) s.c./i.m. ser. préremplie flac.","PROQUAD"
CTI-EXTEND-287262-01,VAC0174,"ProQuad susp. inj. (pdr. + solv.) s.c./i.m. ser. préremplie flac.","PROQUAD"
CTI-EXTEND-389882-01,VAC0851,"Polio Sabin Mono Two susp. buv. flac.","POLIO SABIN MONO TWO (ORAL) GSK"
CTI-EXTEND-389882-02,VAC0851,"Polio Sabin Mono Two susp. buv. flac.","POLIO SABIN MONO TWO (ORAL) GSK"
CTI-EXTEND-289152-02,VAC0889,"Polio Sabin Mono Three (Oral) susp. buv. flac.","MONO OPV3"
CTI-EXTEND-289152-01,VAC0889,"Polio Sabin Mono Three (Oral) susp. buv. flac.","MONO OPV3"
CTI-EXTEND-274391-01,VAC0886,"Polio Sabin Mono One susp. buv. flac.","MONO OPV1"
CTI-EXTEND-274391-02,VAC0886,"Polio Sabin Mono One susp. buv. flac.","MONO OPV1"
CTI-EXTEND-133637-01,VAC0013,"Imovax Polio susp. inj. s.c./i.m. ser. préremplie","IMOVAX POLIO"
CTI-EXTEND-349334-01,VAC0803,"Polio Sabin One And Three (Oral) susp. buv. flac.","Polio Sabin One and Three GSK"
CTI-EXTEND-349334-02,VAC0803,"Polio Sabin One And Three (Oral) susp. buv. flac.","Polio Sabin One and Three GSK"
CTI-EXTEND-500231-01,VAC0028,"Rabipur sol. inj. (pdr. + solv.) i.m. ser. préremplie flac.","RABIPUR"
CTI-EXTEND-661685-02,VAC0593,"Verorab susp. inj. (pdr. + solv.) i.derm./i.m. ser. préremplie flac.","VERORAB"
CTI-EXTEND-661685-01,VAC0593,"Verorab susp. inj. (pdr. + solv.) i.derm./i.m. ser. préremplie flac.","VERORAB"
CTI-EXTEND-565982-01,VAC0514,"Rotarix susp. buv.","ROTARIX"
CTI-EXTEND-325017-01,VAC0514,"Rotarix susp. buv.","ROTARIX"
CTI-EXTEND-324992-01,VAC0514,"Rotarix susp. buv.","ROTARIX"
CTI-EXTEND-325001-01,VAC0514,"Rotarix susp. buv.","ROTARIX"
CTI-EXTEND-324992-03,VAC0514,"Rotarix susp. buv.","ROTARIX"
CTI-EXTEND-324992-02,VAC0514,"Rotarix susp. buv.","ROTARIX"
CTI-EXTEND-324974-01,VAC0514,"Rotarix susp. buv. applic. préremplie or.","ROTARIX"
CTI-EXTEND-324956-01,VAC0514,"Rotarix susp. buv. applic. préremplie or.","ROTARIX"
CTI-EXTEND-324965-01,VAC0514,"Rotarix susp. buv. applic. préremplie or.","ROTARIX"
CTI-EXTEND-324983-01,VAC0514,"Rotarix susp. buv. applic. préremplie or.","ROTARIX"
CTI-EXTEND-324956-02,VAC0514,"Rotarix susp. buv. applic. préremplie or.","ROTARIX"
CTI-EXTEND-288897-01,VAC0031,"RotaTeq sol. buv.","ROTATEQ"
CTI-EXTEND-288881-01,VAC0031,"RotaTeq sol. buv.","ROTATEQ"
CTI-EXTEND-288881-02,VAC0031,"RotaTeq sol. buv.","ROTATEQ"
CTI-EXTEND-288881-04,VAC0031,"RotaTeq sol. buv.","ROTATEQ"
CTI-EXTEND-288881-03,VAC0031,"RotaTeq sol. buv.","ROTATEQ"
CTI-EXTEND-588000-02,VAC0060,"Varilrix sol. inj. (pdr. + solv.) s.c./i.m. amp. flac.","VARILRIX"
CTI-EXTEND-255954-01,VAC0061,"Varivax susp. inj. (pdr. + solv.) s.c./i.m. ser. préremplie flac.","VARIVAX"
CTI-EXTEND-255954-02,VAC0061,"Varivax susp. inj. (pdr. + solv.) s.c./i.m. ser. préremplie flac.","VARIVAX"
CTI-EXTEND-255954-05,VAC0061,"Varivax susp. inj. (pdr. + solv.) s.c./i.m. ser. préremplie flac.","VARIVAX"
CTI-EXTEND-255954-06,VAC0061,"Varivax susp. inj. (pdr. + solv.) s.c./i.m. ser. préremplie flac.","VARIVAX"
CTI-EXTEND-129026-01,VAC0060,"Varilrix sol. inj. (pdr. + solv.) s.c./i.m. ser. préremplie flac.","VARILRIX"
CTI-EXTEND-129026-06,VAC0060,"Varilrix sol. inj. (pdr. + solv.) s.c./i.m. ser. préremplie flac.","VARILRIX"
CTI-EXTEND-129026-03,VAC0060,"Varilrix sol. inj. (pdr. + solv.) s.c./i.m. ser. préremplie flac.","VARILRIX"
CTI-EXTEND-129026-07,VAC0060,"Varilrix sol. inj. (pdr. + solv.) s.c./i.m. ser. préremplie flac.","VARILRIX"
CTI-EXTEND-129026-04,VAC0060,"Varilrix sol. inj. (pdr. + solv.) s.c./i.m. ser. préremplie flac.","VARILRIX"
CTI-EXTEND-129026-05,VAC0060,"Varilrix sol. inj. (pdr. + solv.) s.c./i.m. ser. préremplie flac.","VARILRIX"
CTI-EXTEND-529093-01,VAC0567,"Shingrix susp. inj. (pdr. + susp.) i.m. flac.","SHINGRIX"
CTI-EXTEND-529191-01,VAC0567,"Shingrix susp. inj. (pdr. + susp.) i.m. flac.","SHINGRIX"
CTI-EXTEND-529093-02,VAC0567,"Shingrix susp. inj. (pdr. + susp.) i.m. flac.","SHINGRIX"
CTI-EXTEND-665502-01,#MISS,"Shingrix susp. inj. i.m. ser. préremplie",
CTI-EXTEND-665503-01,#MISS,"Shingrix susp. inj. i.m. ser. préremplie",
CTI-EXTEND-185062-01,VAC0035,"Stamaril susp. inj. (pdr. + solv.) s.c./i.m. ser. préremplie flac.","STAMARIL"
CTI-EXTEND-185062-03,VAC0035,"Stamaril susp. inj. (pdr. + solv.) s.c./i.m. ser. préremplie flac.","STAMARIL"
CTI-EXTEND-185062-02,VAC0035,"Stamaril susp. inj. (pdr. + solv.) s.c./i.m. ser. préremplie flac.","STAMARIL"
CTI-EXTEND-185062-05,VAC0035,"Stamaril susp. inj. (pdr. + solv.) s.c./i.m. ser. préremplie flac.","STAMARIL"
CTI-EXTEND-185062-06,VAC0035,"Stamaril susp. inj. (pdr. + solv.) s.c./i.m. ser. préremplie flac.","STAMARIL"
CTI-EXTEND-185062-07,VAC0035,"Stamaril susp. inj. (pdr. + solv.) s.c./i.m. ser. préremplie flac.","STAMARIL"
CTI-EXTEND-185062-08,VAC0035,"Stamaril susp. inj. (pdr. + solv.) s.c./i.m. ser. préremplie flac.","STAMARIL"
CTI-EXTEND-185062-09,VAC0035,"Stamaril susp. inj. (pdr. + solv.) s.c./i.m. ser. préremplie flac.","STAMARIL"
CTI-EXTEND-185062-04,VAC0035,"Stamaril susp. inj. (pdr. + solv.) s.c./i.m. ser. préremplie flac.","STAMARIL"
CTI-EXTEND-288486-01,VAC0007,"Gardasil susp. inj. i.m. ser. préremplie","GARDASIL"
CTI-EXTEND-288617-01,VAC0007,"Gardasil susp. inj. i.m. ser. préremplie","GARDASIL"
CTI-EXTEND-288452-01,VAC0007,"Gardasil susp. inj. i.m. ser. préremplie","GARDASIL"
CTI-EXTEND-288495-01,VAC0007,"Gardasil susp. inj. i.m. ser. préremplie","GARDASIL"
CTI-EXTEND-288477-01,VAC0007,"Gardasil susp. inj. i.m. ser. préremplie","GARDASIL"
CTI-EXTEND-288461-01,VAC0007,"Gardasil susp. inj. i.m. ser. préremplie","GARDASIL"
CTI-EXTEND-323696-01,VAC0007,"Gardasil susp. inj. i.m. ser. préremplie","GARDASIL"
CTI-EXTEND-323714-01,VAC0007,"Gardasil susp. inj. i.m. ser. préremplie","GARDASIL"
CTI-EXTEND-323705-01,VAC0007,"Gardasil susp. inj. i.m. ser. préremplie","GARDASIL"
CTI-EXTEND-323687-01,VAC0007,"Gardasil susp. inj. i.m. flac.","GARDASIL"
CTI-EXTEND-288443-01,VAC0007,"Gardasil susp. inj. i.m. flac.","GARDASIL"
CTI-EXTEND-288434-01,VAC0007,"Gardasil susp. inj. i.m. flac.","GARDASIL"
CTI-EXTEND-331755-01,VAC0044,"Cervarix susp. inj. i.m. flac.","CERVARIX"
CTI-EXTEND-331737-01,VAC0044,"Cervarix susp. inj. i.m. flac.","CERVARIX"
CTI-EXTEND-331746-01,VAC0044,"Cervarix susp. inj. i.m. flac.","CERVARIX"
CTI-EXTEND-303484-01,VAC0044,"Cervarix susp. inj. i.m. ser. préremplie","CERVARIX"
CTI-EXTEND-303527-01,VAC0044,"Cervarix susp. inj. i.m. ser. préremplie","CERVARIX"
CTI-EXTEND-303502-01,VAC0044,"Cervarix susp. inj. i.m. ser. préremplie","CERVARIX"
CTI-EXTEND-303493-02,VAC0044,"Cervarix susp. inj. i.m. ser. préremplie","CERVARIX"
CTI-EXTEND-303493-01,VAC0044,"Cervarix susp. inj. i.m. ser. préremplie","CERVARIX"
CTI-EXTEND-303536-01,VAC0044,"Cervarix susp. inj. i.m. ser. préremplie","CERVARIX"
CTI-EXTEND-303511-01,VAC0044,"Cervarix susp. inj. i.m. ser. préremplie","CERVARIX"
CTI-EXTEND-303484-02,VAC0044,"Cervarix susp. inj. i.m. ser. préremplie","CERVARIX"
CTI-EXTEND-303457-01,VAC0044,"Cervarix susp. inj. i.m. flac.","CERVARIX"
CTI-EXTEND-303466-01,VAC0044,"Cervarix susp. inj. i.m. flac.","CERVARIX"
CTI-EXTEND-303475-01,VAC0044,"Cervarix susp. inj. i.m. flac.","CERVARIX"
CTI-EXTEND-581235-01,VAC0523,"Gardasil 9 susp. inj. i.m. ser. préremplie","GARDASIL 9"
CTI-EXTEND-476186-01,VAC0523,"Gardasil 9 susp. inj. i.m. ser. préremplie","GARDASIL 9"
CTI-EXTEND-476195-01,VAC0523,"Gardasil 9 susp. inj. i.m. ser. préremplie","GARDASIL 9"
CTI-EXTEND-475946-01,VAC0523,"Gardasil 9 susp. inj. i.m. flac.","GARDASIL 9"
CTI-EXTEND-666237-01,#MISS,"Gardasil 9 susp. inj. i.m. récip. multidos.",
CTI-EXTEND-662865-01,VAC1258,"Comirnaty JN.1 30 µg/dose disp. inj. i.m. flac.","COMIRNATY JN.1 30 µg"
CTI-EXTEND-662867-01,VAC1258,"Comirnaty JN.1 30 µg/dose disp. inj. i.m. flac.","COMIRNATY JN.1 30 µg"
CTI-EXTEND-664550-01,#MISS,"Comirnaty JN.1 30 µg/dose disp. inj. i.m. flac.",
CTI-EXTEND-662868-01,VAC1258,"Comirnaty JN.1 30 µg/dose disp. inj. i.m. ser. préremplie","COMIRNATY JN.1 30 µg"
CTI-EXTEND-662870-01,VAC1259,"Comirnaty JN.1 10 µg/dose disp. inj. i.m. flac.","COMIRNATY JN.1 10 µg CHILDREN (5-11 YEARS)"
CTI-EXTEND-662871-01,VAC1259,"Comirnaty JN.1 10 µg/dose disp. inj. i.m. flac.","COMIRNATY JN.1 10 µg CHILDREN (5-11 YEARS)"
CTI-EXTEND-662872-01,VAC1259,"Comirnaty JN.1 10 µg/dose disp. inj. (à diluer) i.m. flac.","COMIRNATY JN.1 10 µg CHILDREN (5-11 YEARS)"
CTI-EXTEND-663259-01,VAC1270,"Spikevax JN.1 0.1 mg/ml disp. inj. i.m. flac.","SPIKEVAX JN.1 0,1 mg/mL dose 50 µg"
CTI-EXTEND-663260-01,VAC1270,"Spikevax JN.1 0.1 mg/ml disp. inj. i.m. flac.","SPIKEVAX JN.1 0,1 mg/mL dose 50 µg"
CTI-EXTEND-663261-01,VAC1268,"Spikevax JN.1 50 µg disp. inj. i.m. flac.","SPIKEVAX JN.1 50 µg"
CTI-EXTEND-663262-01,VAC1268,"Spikevax JN.1 50 µg disp. inj. i.m. flac.","SPIKEVAX JN.1 50 µg"
CTI-EXTEND-663263-01,VAC1268,"Spikevax JN.1 50 µg disp. inj. i.m. ser. préremplie","SPIKEVAX JN.1 50 µg"
CTI-EXTEND-663264-01,VAC1268,"Spikevax JN.1 50 µg disp. inj. i.m. ser. préremplie","SPIKEVAX JN.1 50 µg"
CTI-EXTEND-663265-01,VAC1268,"Spikevax JN.1 50 µg disp. inj. i.m. ser. préremplie","SPIKEVAX JN.1 50 µg"
CTI-EXTEND-663266-01,VAC1268,"Spikevax JN.1 50 µg disp. inj. i.m. ser. préremplie","SPIKEVAX JN.1 50 µg"
CTI-EXTEND-663371-01,VAC1334,"Comirnaty KP.2 30 µg/dose disp. inj. i.m. flac.","COMIRNATY KP.2 30 µg ADULT (+ 12 YEARS)"
CTI-EXTEND-663372-01,VAC1334,"Comirnaty KP.2 30 µg/dose disp. inj. i.m. flac.","COMIRNATY KP.2 30 µg ADULT (+ 12 YEARS)"
CTI-EXTEND-664551-01,#MISS,"Comirnaty KP.2 30 µg/dose disp. inj. i.m. flac.",
CTI-EXTEND-663373-01,VAC1334,"Comirnaty KP.2 30 µg/dose disp. inj. i.m. ser. préremplie","COMIRNATY KP.2 30 µg ADULT (+ 12 YEARS)"
CTI-EXTEND-663374-01,VAC1333,"Comirnaty KP.2 10 µg/dose disp. inj. i.m. flac.","COMIRNATY KP.2 10 µg CHILDREN (5-11 YEARS)"
CTI-EXTEND-663375-01,VAC1333,"Comirnaty KP.2 10 µg/dose disp. inj. i.m. flac.","COMIRNATY KP.2 10 µg CHILDREN (5-11 YEARS)"
CTI-EXTEND-663960-01,VAC1336,"Kostaive disp. inj. (pdr.) i.m. flac.","KOSTAIVE"
CTI-EXTEND-664819-01,VAC1466,"Comirnaty LP.8.1 30 µg/dose disp. inj. i.m. flac.","COMIRNATY LP.8.1 30 µg"
CTI-EXTEND-664820-01,#MISS,"Comirnaty LP.8.1 30 µg/dose disp. inj. i.m. flac.",
CTI-EXTEND-664821-01,#MISS,"Comirnaty LP.8.1 30 µg/dose disp. inj. i.m. ser. préremplie",
CTI-EXTEND-665024-01,#MISS,"Comirnaty LP.8.1 30 µg/dose disp. inj. i.m. ser. préremplie",
CTI-EXTEND-664822-01,#MISS,"Comirnaty LP.8.1 10 µg/dose disp. inj. i.m. flac.",
CTI-EXTEND-664823-01,VAC1468,"Comirnaty LP.8.1 10 µg/dose disp. inj. i.m. flac.","COMIRNATY LP.8.1 10 µg"
CTI-EXTEND-664869-01,#MISS,"Spikevax LP.8.1 0.1 mg/ml disp. inj. i.m. flac.",
CTI-EXTEND-664870-01,#MISS,"Spikevax LP.8.1 0.1 mg/ml disp. inj. i.m. flac.",
CTI-EXTEND-664871-01,#MISS,"Spikevax LP.8.1 50 µg disp. inj. i.m. ser. préremplie",
CTI-EXTEND-664872-01,#MISS,"Spikevax LP.8.1 50 µg disp. inj. i.m. ser. préremplie",
CTI-EXTEND-664873-01,#MISS,"Spikevax LP.8.1 50 µg disp. inj. i.m. ser. préremplie",
CTI-EXTEND-664874-01,#MISS,"Spikevax LP.8.1 50 µg disp. inj. i.m. ser. préremplie",
CTI-EXTEND-665112-01,#MISS,"Spikevax LP.8.1 25 µg disp. inj. i.m. ser. préremplie",
CTI-EXTEND-665113-01,#MISS,"Spikevax LP.8.1 25 µg disp. inj. i.m. ser. préremplie",
CTI-EXTEND-665114-01,#MISS,"Spikevax LP.8.1 25 µg disp. inj. i.m. ser. préremplie",
CTI-EXTEND-665115-01,#MISS,"Spikevax LP.8.1 25 µg disp. inj. i.m. ser. préremplie",
CTI-EXTEND-665775-01,#MISS,"mNexspike disp. inj. i.m. ser. préremplie",
CTI-EXTEND-665776-01,#MISS,"mNexspike disp. inj. i.m. ser. préremplie",
CTI-EXTEND-665777-01,#MISS,"mNexspike disp. inj. i.m. ser. préremplie",
CTI-EXTEND-665778-01,#MISS,"mNexspike disp. inj. i.m. ser. préremplie",
CTI-EXTEND-665779-01,#MISS,"mNexspike disp. inj. i.m. ser. préremplie",
CTI-EXTEND-665780-01,#MISS,"mNexspike disp. inj. i.m. ser. préremplie",
CTI-EXTEND-666433-01,#MISS,"Comirnaty XFG 30 µg/dose disp. inj. i.m. flac.",
CTI-EXTEND-666434-01,#MISS,"Comirnaty XFG 30 µg/dose disp. inj. i.m. flac.",
CTI-EXTEND-666435-01,#MISS,"Comirnaty XFG 30 µg/dose disp. inj. i.m. ser. préremplie",
CTI-EXTEND-666436-01,#MISS,"Comirnaty XFG 30 µg/dose disp. inj. i.m. ser. préremplie",
CTI-EXTEND-666437-01,#MISS,"Comirnaty XFG 10 µg/dose disp. inj. i.m. flac.",
CTI-EXTEND-666438-01,#MISS,"Comirnaty XFG 10 µg/dose disp. inj. i.m. flac.",
CTI-EXTEND-666439-01,#MISS,"Spikevax XFG 0.1 mg/ml disp. inj. i.m. flac.",
CTI-EXTEND-666440-01,#MISS,"Spikevax XFG 0.1 mg/ml disp. inj. i.m. flac.",
CTI-EXTEND-666441-01,#MISS,"Spikevax XFG 50 µg disp. inj. i.m. ser. préremplie",
CTI-EXTEND-666442-01,#MISS,"Spikevax XFG 50 µg disp. inj. i.m. ser. préremplie",
CTI-EXTEND-666443-01,#MISS,"Spikevax XFG 50 µg disp. inj. i.m. ser. préremplie",
CTI-EXTEND-666444-01,#MISS,"Spikevax XFG 50 µg disp. inj. i.m. ser. préremplie",
CTI-EXTEND-666445-01,#MISS,"Spikevax XFG 25 µg disp. inj. i.m. ser. préremplie",
CTI-EXTEND-666446-01,#MISS,"Spikevax XFG 25 µg disp. inj. i.m. ser. préremplie",
CTI-EXTEND-666447-01,#MISS,"Spikevax XFG 25 µg disp. inj. i.m. ser. préremplie",
CTI-EXTEND-666448-01,#MISS,"Spikevax XFG 25 µg disp. inj. i.m. ser. préremplie",
CTI-EXTEND-593884-01,VAC0667,"Nuvaxovid disp. inj. i.m. flac.","NUVAXOVID"
CTI-EXTEND-661244-01,VAC0667,"Nuvaxovid disp. inj. i.m. flac.","NUVAXOVID"
CTI-EXTEND-661582-01,VAC0667,"Nuvaxovid disp. inj. i.m. flac.","NUVAXOVID"
CTI-EXTEND-661583-01,VAC0667,"Nuvaxovid disp. inj. i.m. flac.","NUVAXOVID"
CTI-EXTEND-661366-01,VAC0913,"Bimervax émuls. inj. i.m. flac.","BIMERVAX"
CTI-EXTEND-661936-01,VAC1055,"Nuvaxovid XBB.1.5 disp. inj. i.m. flac.","NUVAXOVID XBB.1.5"
CTI-EXTEND-661937-01,VAC1055,"Nuvaxovid XBB.1.5 disp. inj. i.m. flac.","NUVAXOVID XBB.1.5"
CTI-EXTEND-662475-01,VAC0913,"Bimervax émuls. inj. i.m. flac.","BIMERVAX"
CTI-EXTEND-662476-01,VAC0913,"Bimervax émuls. inj. i.m. flac.","BIMERVAX"
CTI-EXTEND-662477-01,VAC0913,"Bimervax émuls. inj. i.m. flac.","BIMERVAX"
CTI-EXTEND-663318-01,VAC1055,"Nuvaxovid XBB.1.5 disp. inj. i.m. flac.","NUVAXOVID XBB.1.5"
CTI-EXTEND-663319-01,VAC1055,"Nuvaxovid XBB.1.5 disp. inj. i.m. flac.","NUVAXOVID XBB.1.5"
CTI-EXTEND-663772-01,VAC1261,"Nuvaxovid JN.1 disp. inj. i.m. flac.","NUVAXOVID JN.1"
CTI-EXTEND-663773-01,VAC1261,"Nuvaxovid JN.1 disp. inj. i.m. flac.","NUVAXOVID JN.1"
CTI-EXTEND-663850-01,VAC0913,"Bimervax XBB.1.16 émuls. inj. i.m. flac.","BIMERVAX"
CTI-EXTEND-663851-01,VAC0913,"Bimervax XBB.1.16 émuls. inj. i.m. flac.","BIMERVAX"
CTI-EXTEND-663852-01,VAC0913,"Bimervax XBB.1.16 émuls. inj. i.m. flac.","BIMERVAX"
CTI-EXTEND-664996-01,#MISS,"Nuvaxovid JN.1 disp. inj. i.m. ser. préremplie",
CTI-EXTEND-664997-01,#MISS,"Nuvaxovid JN.1 disp. inj. i.m. ser. préremplie",
CTI-EXTEND-664998-01,#MISS,"Nuvaxovid JN.1 disp. inj. i.m. ser. préremplie",
CTI-EXTEND-665216-01,#MISS,"Bimervax LP.8.1 émuls. inj. i.m. flac.",
CTI-EXTEND-665217-01,#MISS,"Bimervax LP.8.1 émuls. inj. i.m. flac.",
CTI-EXTEND-665218-01,#MISS,"Bimervax LP.8.1 émuls. inj. i.m. flac.",
CTI-EXTEND-666026-01,#MISS,"Bimervax LP.8.1 émuls. inj. i.m. ser. préremplie",
CTI-EXTEND-666027-01,#MISS,"Bimervax LP.8.1 émuls. inj. i.m. ser. préremplie",
CTI-EXTEND-666449-01,#MISS,"Nuvaxovid XFG disp. inj. i.m. ser. préremplie",
CTI-EXTEND-666450-01,#MISS,"Nuvaxovid XFG disp. inj. i.m. ser. préremplie",
CTI-EXTEND-666451-01,#MISS,"Nuvaxovid XFG disp. inj. i.m. ser. préremplie",
CTI-EXTEND-666452-01,#MISS,"Bimervax XFG.1.1 émuls. inj. i.m. flac.",
CTI-EXTEND-666453-01,#MISS,"Bimervax XFG.1.1 émuls. inj. i.m. flac.",
CTI-EXTEND-666454-01,#MISS,"Bimervax XFG.1.1 émuls. inj. i.m. flac.",
CTI-EXTEND-666455-01,#MISS,"Bimervax XFG.1.1 émuls. inj. i.m. ser. préremplie",
CTI-EXTEND-666456-01,#MISS,"Bimervax XFG.1.1 émuls. inj. i.m. ser. préremplie",
CTI-EXTEND-662959-01,#MISS,"Ixchiq sol. inj. (pdr. + solv.) i.m. ser. préremplie flac.",
CTI-EXTEND-444516-01,VAC0520,"Imvanex susp. inj. s.c. flac.","IMVANEX"
CTI-EXTEND-663217-01,VAC0520,"Imvanex susp. inj. s.c. flac.","IMVANEX"
CTI-EXTEND-661237-01,VAC0520,"Imvanex susp. inj. s.c. flac.","IMVANEX"
CTI-EXTEND-552080-01,VAC0586,"Ervebo sol. inj. i.m. flac.","Ervebo"
CTI-EXTEND-660959-01,VAC0644,"Qdenga sol. inj. (pdr. + solv.) s.c. flac.","QDENGA"
CTI-EXTEND-660937-01,VAC0644,"Qdenga sol. inj. (pdr. + solv.) s.c. flac.","QDENGA"
CTI-EXTEND-660960-01,VAC0644,"Qdenga sol. inj. (pdr. + solv.) s.c. ser. préremplie flac.","QDENGA"
CTI-EXTEND-660961-01,VAC0644,"Qdenga sol. inj. (pdr. + solv.) s.c. ser. préremplie flac.","QDENGA"
CTI-EXTEND-660962-01,VAC0644,"Qdenga sol. inj. (pdr. + solv.) s.c. ser. préremplie flac.","QDENGA"
CTI-EXTEND-660963-01,VAC0644,"Qdenga sol. inj. (pdr. + solv.) s.c. ser. préremplie flac.","QDENGA"
CTI-EXTEND-661566-01,VAC1040,"Arexvy susp. inj. (pdr. + susp.) i.m. flac.","AREXVY"
CTI-EXTEND-661565-01,VAC1040,"Arexvy susp. inj. (pdr. + susp.) i.m. flac.","AREXVY"
CTI-EXTEND-661565-02,VAC1040,"Arexvy susp. inj. (pdr. + susp.) i.m. flac.","AREXVY"
CTI-EXTEND-663041-01,VAC1047,"Abrysvo sol. inj. (pdr. + solv.) i.m. ser. préremplie flac.","ABRYSVO"
CTI-EXTEND-661771-01,VAC1047,"Abrysvo sol. inj. (pdr. + solv.) i.m. ser. préremplie flac.","ABRYSVO"
CTI-EXTEND-661772-01,VAC1047,"Abrysvo sol. inj. (pdr. + solv.) i.m. ser. préremplie flac.","ABRYSVO"
CTI-EXTEND-661773-01,VAC1047,"Abrysvo sol. inj. (pdr. + solv.) i.m. ser. préremplie flac.","ABRYSVO"
CTI-EXTEND-661774-01,VAC1047,"Abrysvo sol. inj. (pdr. + solv.) i.m. ser. préremplie flac.","ABRYSVO"
CTI-EXTEND-661775-01,VAC1047,"Abrysvo sol. inj. (pdr. + solv.) i.m. ser. préremplie flac.","ABRYSVO"
CTI-EXTEND-661776-01,VAC1047,"Abrysvo sol. inj. (pdr. + solv.) i.m. ser. préremplie flac.","ABRYSVO"
CTI-EXTEND-662412-01,VAC1047,"Abrysvo sol. inj. (pdr. + solv.) i.m. ser. préremplie flac.","ABRYSVO"
CTI-EXTEND-664339-01,#MISS,"Mresvia disp. inj. i.m. ser. préremplie",
CTI-EXTEND-664340-01,#MISS,"Mresvia disp. inj. i.m. ser. préremplie",
CTI-EXTEND-663214-01,VAC1262,"Mresvia disp. inj. i.m. ser. préremplie","MRESVIA"
CTI-EXTEND-663215-01,VAC1262,"Mresvia disp. inj. i.m. ser. préremplie","MRESVIA"
CTI-EXTEND-665945-01,#MISS,"Abrysvo sol. inj. (pdr. + solv.) i.m. flac.",
CTI-EXTEND-666068-01,#MISS,"Arexvy susp. inj. (pdr. + susp.) i.m. ser. préremplie flac.",
CTI-EXTEND-666069-01,#MISS,"Arexvy susp. inj. (pdr. + susp.) i.m. ser. préremplie flac.",
CTI-EXTEND-207873-01,VAC0030,"Revaxis susp. inj. i.m. ser. préremplie","REVAXIS"
CTI-EXTEND-207873-02,VAC0030,"Revaxis susp. inj. i.m. ser. préremplie","REVAXIS"
CTI-EXTEND-270435-02,VAC0568,"Boostrix Polio susp. inj. i.m. ser. préremplie","BOOSTRIX-POLIO"
CTI-EXTEND-270435-01,VAC0568,"Boostrix Polio susp. inj. i.m. ser. préremplie","BOOSTRIX-POLIO"
CTI-EXTEND-241096-01,VAC0736,"Triaxis Polio 0.5 ml susp. inj. i.m. ser. préremplie","TRIAXIS POLIO"
CTI-EXTEND-241096-02,VAC0736,"Triaxis Polio 0.5 ml susp. inj. i.m. ser. préremplie","TRIAXIS POLIO"
CTI-EXTEND-241096-03,VAC0736,"Triaxis Polio 0.5 ml susp. inj. i.m. ser. préremplie","TRIAXIS POLIO"
CTI-EXTEND-241096-04,VAC0736,"Triaxis Polio 0.5 ml susp. inj. i.m. ser. préremplie","TRIAXIS POLIO"
CTI-EXTEND-241096-05,VAC0736,"Triaxis Polio 0.5 ml susp. inj. i.m. ser. préremplie","TRIAXIS POLIO"
CTI-EXTEND-241096-06,VAC0736,"Triaxis Polio 0.5 ml susp. inj. i.m. ser. préremplie","TRIAXIS POLIO"
CTI-EXTEND-241096-07,VAC0736,"Triaxis Polio 0.5 ml susp. inj. i.m. ser. préremplie","TRIAXIS POLIO"
CTI-EXTEND-212152-02,VAC0569,"Infanrix IPV susp. inj. i.m. ser. préremplie","INFANRIX-IPV"
CTI-EXTEND-212152-01,VAC0569,"Infanrix IPV susp. inj. i.m. ser. préremplie","INFANRIX-IPV"
CTI-EXTEND-212152-04,VAC0569,"Infanrix IPV susp. inj. i.m. ser. préremplie","INFANRIX-IPV"
CTI-EXTEND-212152-03,VAC0569,"Infanrix IPV susp. inj. i.m. ser. préremplie","INFANRIX-IPV"
CTI-EXTEND-212152-05,VAC0569,"Infanrix IPV susp. inj. i.m. ser. préremplie","INFANRIX-IPV"
CTI-EXTEND-196122-01,VAC0037,"Tetravac susp. inj. i.m. ser. préremplie","TETRAVAC-ACELLULAIRE"
CTI-EXTEND-196122-02,VAC0037,"Tetravac susp. inj. i.m. ser. préremplie","TETRAVAC-ACELLULAIRE"
CTI-EXTEND-196122-03,VAC0037,"Tetravac susp. inj. i.m. ser. préremplie","TETRAVAC-ACELLULAIRE"
CTI-EXTEND-196122-05,VAC0037,"Tetravac susp. inj. i.m. ser. préremplie","TETRAVAC-ACELLULAIRE"
CTI-EXTEND-196122-06,VAC0037,"Tetravac susp. inj. i.m. ser. préremplie","TETRAVAC-ACELLULAIRE"
CTI-EXTEND-196122-04,VAC0037,"Tetravac susp. inj. i.m. ser. préremplie","TETRAVAC-ACELLULAIRE"
CTI-EXTEND-196131-02,VAC0023,"Pentavac susp. inj. (pdr. + susp.) i.m. ser. préremplie flac.","PENTAVAC"
CTI-EXTEND-196131-01,VAC0023,"Pentavac susp. inj. (pdr. + susp.) i.m. ser. préremplie flac.","PENTAVAC"
CTI-EXTEND-196131-03,VAC0023,"Pentavac susp. inj. (pdr. + susp.) i.m. ser. préremplie flac.","PENTAVAC"
CTI-EXTEND-196131-04,VAC0023,"Pentavac susp. inj. (pdr. + susp.) i.m. ser. préremplie flac.","PENTAVAC"
CTI-EXTEND-196131-05,VAC0023,"Pentavac susp. inj. (pdr. + susp.) i.m. ser. préremplie flac.","PENTAVAC"
CTI-EXTEND-196131-06,VAC0023,"Pentavac susp. inj. (pdr. + susp.) i.m. ser. préremplie flac.","PENTAVAC"
CTI-EXTEND-193961-02,VAC1045,"Infanrix IPV + Hib susp. inj. (pdr. + susp.) i.m. ser. préremplie flac.","INFANRIX-IPV/Hib"
CTI-EXTEND-193961-01,VAC1045,"Infanrix IPV + Hib susp. inj. (pdr. + susp.) i.m. ser. préremplie flac.","INFANRIX-IPV/Hib"
CTI-EXTEND-495635-01,VAC0510,"Hexyon susp. inj. i.m. ser. préremplie","HEXYON"
CTI-EXTEND-495644-01,VAC0510,"Hexyon susp. inj. i.m. ser. préremplie","HEXYON"
CTI-EXTEND-441165-01,VAC0510,"Hexyon susp. inj. i.m. ser. préremplie","HEXYON"
CTI-EXTEND-441174-01,VAC0510,"Hexyon susp. inj. i.m. ser. préremplie","HEXYON"
CTI-EXTEND-441174-02,VAC0510,"Hexyon susp. inj. i.m. ser. préremplie","HEXYON"
CTI-EXTEND-441131-01,VAC0510,"Hexyon susp. inj. i.m. ser. préremplie","HEXYON"
CTI-EXTEND-441183-01,VAC0510,"Hexyon susp. inj. i.m. ser. préremplie","HEXYON"
CTI-EXTEND-441156-01,VAC0510,"Hexyon susp. inj. i.m. ser. préremplie","HEXYON"
CTI-EXTEND-441147-01,VAC0510,"Hexyon susp. inj. i.m. ser. préremplie","HEXYON"
CTI-EXTEND-662540-01,VAC0510,"Hexyon susp. inj. i.m. ser. préremplie","HEXYON"
CTI-EXTEND-662541-01,VAC0510,"Hexyon susp. inj. i.m. ser. préremplie","HEXYON"
CTI-EXTEND-494186-01,VAC0535,"Vaxelis susp. inj. i.m. ser. préremplie","VAXELIS"
CTI-EXTEND-494204-01,VAC0535,"Vaxelis susp. inj. i.m. ser. préremplie","VAXELIS"
CTI-EXTEND-494213-01,VAC0535,"Vaxelis susp. inj. i.m. ser. préremplie","VAXELIS"
CTI-EXTEND-494222-01,VAC0535,"Vaxelis susp. inj. i.m. ser. préremplie","VAXELIS"
CTI-EXTEND-494195-01,VAC0535,"Vaxelis susp. inj. i.m. ser. préremplie","VAXELIS"
CTI-EXTEND-494177-01,VAC0535,"Vaxelis susp. inj. i.m. ser. préremplie","VAXELIS"
CTI-EXTEND-494106-01,VAC0535,"Vaxelis susp. inj. i.m. ser. préremplie","VAXELIS"
CTI-EXTEND-490186-01,VAC0014,"Infanrix Hexa susp. inj. (pdr. + susp.) i.m. ser. préremplie flac.","INFANRIX HEXA"
CTI-EXTEND-441122-01,VAC0510,"Hexyon susp. inj. i.m. flac.","HEXYON"
CTI-EXTEND-441086-01,VAC0507,"Hexacima susp. inj. i.m. ser. préremplie","HEXACIMA"
CTI-EXTEND-441061-01,VAC0507,"Hexacima susp. inj. i.m. ser. préremplie","HEXACIMA"
CTI-EXTEND-441113-01,VAC0507,"Hexacima susp. inj. i.m. ser. préremplie","HEXACIMA"
CTI-EXTEND-441077-01,VAC0507,"Hexacima susp. inj. i.m. ser. préremplie","HEXACIMA"
CTI-EXTEND-441104-01,VAC0507,"Hexacima susp. inj. i.m. ser. préremplie","HEXACIMA"
CTI-EXTEND-441095-01,VAC0507,"Hexacima susp. inj. i.m. ser. préremplie","HEXACIMA"
CTI-EXTEND-662550-01,VAC0507,"Hexacima susp. inj. i.m. ser. préremplie","HEXACIMA"
CTI-EXTEND-662551-01,VAC0507,"Hexacima susp. inj. i.m. ser. préremplie","HEXACIMA"
CTI-EXTEND-441052-01,VAC0507,"Hexacima susp. inj. i.m. flac.","HEXACIMA"
CTI-EXTEND-219572-01,VAC0014,"Infanrix Hexa susp. inj. (pdr. + susp.) i.m. ser. préremplie flac.","INFANRIX HEXA"
CTI-EXTEND-219581-01,VAC0014,"Infanrix Hexa susp. inj. (pdr. + susp.) i.m. ser. préremplie flac.","INFANRIX HEXA"
CTI-EXTEND-219554-01,VAC0014,"Infanrix Hexa susp. inj. (pdr. + susp.) i.m. ser. préremplie flac.","INFANRIX HEXA"
CTI-EXTEND-219545-01,VAC0014,"Infanrix Hexa susp. inj. (pdr. + susp.) i.m. ser. préremplie flac.","INFANRIX HEXA"
