CTI,NUVA,CTI label, NUVA label
CTI-495644,VAC0510,"","HEXYON"
CTI-520000,VAC0582,"","TRUMENBA"
CTI-357856,VAC0475,"","FOCLIVIA"
CTI-321447,VAC0556,"","MENITORIX"
CTI-662862,VAC1060,"","SPIKEVAX XBB.1.5 50 µg MODERNA"
CTI-482800,VAC0521,"","FLUENZ TETRA"
CTI-338572,VAC0083,"","SYNFLORIX"
CTI-660609,VAC1023,"","COMIRNATY ORIGINAL/OMICRON BA.4-5 (15/15 µg) BIONTECH-PFIZER"
CTI-475946,VAC0523,"","GARDASIL 9"
CTI-519484,VAC0582,"","TRUMENBA"
CTI-566053,VAC0595,"","FLUCELVAX TETRA"
CTI-660610,VAC1023,"","COMIRNATY ORIGINAL/OMICRON BA.4-5 (15/15 µg) BIONTECH-PFIZER"
CTI-441104,VAC0507,"","HEXACIMA"
CTI-663262,VAC1268,"","SPIKEVAX JN.1 50 µg"
CTI-662541,VAC0510,"","HEXYON"
CTI-441113,VAC0507,"","HEXACIMA"
CTI-66177101,VAC1047,"","ABRYSVO"
CTI-494195,VAC0535,"","VAXELIS"
CTI-323687,VAC0007,"","GARDASIL"
CTI-662868,VAC1258,"","COMIRNATY JN.1 30 µg"
CTI-264031,VAC0005,"","DUKORAL"
CTI-196131,VAC0023,"","PENTAVAC"
CTI-420427,VAC0486,"","NIMENRIX"
CTI-287962,VAC0161,"","ZOSTAVAX"
CTI-66082301,VAC1050,"","BEYFORTUS 100 mg (nirsevimab)"
CTI-663266,VAC1268,"","SPIKEVAX JN.1 50 µg"
CTI-247527,VAC0168,"","AMBIRIX"
CTI-223851,VAC0009,"","HBVAXPRO 10 µg"
CTI-663606,VAC1347,"","EFLUELDA"
CTI-661718,VAC1054,"","COMIRNATY ORIGINAL/OMICRON BA.4-5 (1,5/1,5 µg)"
CTI-185473,VAC0003,"","AVAXIM 160 U"
CTI-338545,VAC0083,"","SYNFLORIX"
CTI-472844,VAC0123,"","PREVENAR 13"
CTI-575111,VAC0871,"","SUPEMTEK TETRA"
CTI-288434,VAC0007,"","GARDASIL"
CTI-331755,VAC0044,"","CERVARIX"
CTI-287271,VAC0174,"","PROQUAD"
CTI-575155,VAC0871,"","SUPEMTEK TETRA"
CTI-529191,VAC0567,"","SHINGRIX"
CTI-284532,VAC0011,"","HBVAXPRO 5 µg"
CTI-247502,VAC0168,"","AMBIRIX"
CTI-288617,VAC0007,"","GARDASIL"
CTI-190872,VAC0053,"","PRIORIX"
CTI-494106,VAC0535,"","VAXELIS"
CTI-167395,VAC0049,"","HAVRIX 1440 U/1mL"
CTI-538426,VAC0539,"","DENGVAXIA"
CTI-287682,VAC0017,"","M-M-RVAXPRO"
CTI-661685,VAC0593,"","VERORAB"
CTI-482791,VAC0521,"","FLUENZ TETRA"
CTI-534080,VAC0451,"","VIVOTIF"
CTI-284566,VAC0011,"","HBVAXPRO 5 µg"
CTI-323714,VAC0007,"","GARDASIL"
CTI-287971,VAC0161,"","ZOSTAVAX"
CTI-529093,VAC0567,"","SHINGRIX"
CTI-663850,VAC0913,"","BIMERVAX"
CTI-287217,VAC0174,"","PROQUAD"
CTI-494186,VAC0535,"","VAXELIS"
CTI-519333,VAC0123,"","PREVENAR 13"
CTI-661738,VAC1052,"","COMIRNATY OMICRON XBB.1.5 10 µg"
CTI-662551,VAC0507,"","HEXACIMA"
CTI-519360,VAC0123,"","PREVENAR 13"
CTI-502222,VAC0479,"","TRIAXIS"
CTI-500231,VAC0028,"","RABIPUR"
CTI-660961,VAC0644,"","QDENGA"
CTI-288154,VAC0161,"","ZOSTAVAX"
CTI-288102,VAC0161,"","ZOSTAVAX"
CTI-538435,VAC0539,"","DENGVAXIA"
CTI-662869,VAC1258,"","COMIRNATY JN.1 30 µg"
CTI-303475,VAC0044,"","CERVARIX"
CTI-287506,VAC0017,"","M-M-RVAXPRO"
CTI-365425,VAC0083,"","SYNFLORIX"
CTI-340076,VAC0073,"","IXIARO"
CTI-663374,VAC1333,"","COMIRNATY KP.2 10 µg CHILDREN (5-11 YEARS)"
CTI-338554,VAC0083,"","SYNFLORIX"
CTI-495635,VAC0510,"","HEXYON"
CTI-441095,VAC0507,"","HEXACIMA"
CTI-219581,VAC0014,"","INFANRIX HEXA"
CTI-596702,VAC0900,"","PREVENAR 20 (previously APEXXNAR)"
CTI-288486,VAC0007,"","GARDASIL"
CTI-663371,VAC1334,"","COMIRNATY KP.2 30 µg ADULT (+ 12 YEARS)"
CTI-660573,VAC1017,"","SPIKEVAX BIVALENT ORIGINAL/OMICRON BA.1 (50 µg/50 µg)/mL MODERNA"
CTI-338606,VAC0083,"","SYNFLORIX"
CTI-284575,VAC0011,"","HBVAXPRO 5 µg"
CTI-596657,VAC0900,"","PREVENAR 20 (previously APEXXNAR)"
CTI-289152,VAC0889,"","MONO OPV3"
CTI-660937,VAC0644,"","QDENGA"
CTI-385655,VAC0170,"","AFLUNOV"
CTI-287716,VAC0017,"","M-M-RVAXPRO"
CTI-494177,VAC0535,"","VAXELIS"
CTI-160307,VAC0041,"","TYPHIM VI"
CTI-660962,VAC0644,"","QDENGA"
CTI-288461,VAC0007,"","GARDASIL"
CTI-338597,VAC0083,"","SYNFLORIX"
CTI-594862,VAC0780,"","VAXNEUVANCE"
CTI-398885,VAC0141,"","MENVEO"
CTI-287497,VAC0017,"","M-M-RVAXPRO"
CTI-441183,VAC0510,"","HEXYON"
CTI-328334,VAC0011,"","HBVAXPRO 5 µg"
CTI-328352,VAC0009,"","HBVAXPRO 10 µg"
CTI-180232,VAC0050,"","HAVRIX 720 U/0,5 mL"
CTI-562817,VAC0836,"","FLUAD TETRA"
CTI-288477,VAC0007,"","GARDASIL"
CTI-663318,VAC1055,"","NUVAXOVID XBB.1.5"
CTI-662871,VAC1259,"","COMIRNATY JN.1 10 µg CHILDREN (5-11 YEARS)"
CTI-594906,VAC0780,"","VAXNEUVANCE"
CTI-287725,VAC0017,"","M-M-RVAXPRO"
CTI-248954,VAC0011,"","HBVAXPRO 5 µg"
CTI-51991,VAC0582,"","TRUMENBA"
CTI-662874,VAC1260,"","COMIRNATY JN.1 3 µg CHILDREN (6 MONTHS-4 YEARS)"
CTI-660963,VAC0644,"","QDENGA"
CTI-324956,VAC0514,"","ROTARIX"
CTI-560471,VAC0649,"","EFLUELDA TETRA"
CTI-187013,VAC0165,"","VAQTA 25 U/0,5 mL"
CTI-349334,VAC0803,"","Polio Sabin One and Three GSK"
CTI-571466,VAC0475,"","FOCLIVIA"
CTI-660782,VAC1032,"","SPIKEVAX BIVALENT ORIGINAL/OMICRON BA.1 (25 µg/25 µg) MODERNA"
CTI-663041,VAC1047,"","ABRYSVO"
CTI-663376,VAC1332,"","COMIRNATY KP.2 3 µg CHILDREN (6 MONTHS-4 YEARS)"
CTI-303466,VAC0044,"","CERVARIX"
CTI-252725,VAC1057,"","ENGERIX B JUNIOR"
CTI-360561,VAC0123,"","PREVENAR 13"
CTI-284627,VAC0009,"","HBVAXPRO 10 µg"
CTI-663263,VAC1268,"","SPIKEVAX JN.1 50 µg"
CTI-567253,VAC0634,"","MVABEA"
CTI-368067,VAC0053,"","PRIORIX"
CTI-252682,VAC0046,"","ENGERIX B 20 µg"
CTI-661937,VAC1055,"","NUVAXOVID XBB.1.5"
CTI-441147,VAC0510,"","HEXYON"
CTI-287454,VAC0017,"","M-M-RVAXPRO"
CTI-662412,VAC1047,"","ABRYSVO"
CTI-252716,VAC1057,"","ENGERIX B JUNIOR"
CTI-444516,VAC0520,"","IMVANEX"
CTI-660575,VAC1021,"","COMIRNATY ORIGINAL/OMICRON BA.1 (15/15 µg) BIONTECH-PFIZER"
CTI-520026,VAC0582,"","TRUMENBA"
CTI-476186,VAC0523,"","GARDASIL 9"
CTI-255954,VAC0061,"","VARIVAX"
CTI-441174,VAC0510,"","HEXYON"
CTI-661772,VAC1047,"","ABRYSVO"
CTI-663960,VAC1336,"","KOSTAIVE"
CTI-456924,VAC0563,"","ALPHA-RIX-TETRA"
CTI-287463,VAC0017,"","M-M-RVAXPRO"
CTI-275974,VAC0480,"","FENDRIX"
CTI-538444,VAC0539,"","DENGVAXIA"
CTI-662550,VAC0507,"","HEXACIMA"
CTI-577164,VAC0658,"","COMIRNATY 30 µg BIONTECH-PFIZER"
CTI-264022,VAC0005,"","DUKORAL"
CTI-303493,VAC0044,"","CERVARIX"
CTI-663512,VAC0062,"","VAXIGRIP"
CTI-661566,VAC1040,"","AREXVY"
CTI-661769,VAC1060,"","SPIKEVAX XBB.1.5 50 µg MODERNA"
CTI-662794,VAC0173,"","FLUENZ"
CTI-661766,VAC1058,"","SPIKEVAX XBB.1.5 0.1 mg/mL dose 50 µg MODERNA"
CTI-519351,VAC0123,"","PREVENAR 13"
CTI-390022,VAC0141,"","MENVEO"
CTI-284541,VAC0011,"","HBVAXPRO 5 µg"
CTI-288897,VAC0031,"","ROTATEQ"
CTI-224165,VAC0336,"","PNEUMOVAX"
CTI-441707,VAC0614,"","TDAPBOOSTER AJ VACCINES"
CTI-441165,VAC0510,"","HEXYON"
CTI-662050,VAC1338,"","ZOONOTIC"
CTI-494222,VAC0535,"","VAXELIS"
CTI-303484,VAC0044,"","CERVARIX"
CTI-661896,VAC0733,"","HEPLISAV-B"
CTI-434533,VAC0495,"","BEXSERO"
CTI-661773,VAC1047,"","ABRYSVO"
CTI-567262,VAC0633,"","ZABDENO"
CTI-323705,VAC0007,"","GARDASIL"
CTI-288172,VAC0174,"","PROQUAD"
CTI-594880,VAC0780,"","VAXNEUVANCE"
CTI-441052,VAC0507,"","HEXACIMA"
CTI-187022,VAC0166,"","VAQTA 50 U"
CTI-284602,VAC0009,"","HBVAXPRO 10 µg"
CTI-252691,VAC0046,"","ENGERIX B 20 µg"
CTI-661936,VAC1055,"","NUVAXOVID XBB.1.5"
CTI-538284,VAC0539,"","DENGVAXIA"
CTI-420411,VAC0486,"","NIMENRIX"
CTI-520017,VAC0582,"","TRUMENBA"
CTI-472853,VAC0123,"","PREVENAR 13"
CTI-662872,VAC1259,"","COMIRNATY JN.1 10 µg CHILDREN (5-11 YEARS)"
CTI-275956,VAC0480,"","FENDRIX"
CTI-662870,VAC1259,"","COMIRNATY JN.1 10 µg CHILDREN (5-11 YEARS)"
CTI-288145,VAC0161,"","ZOSTAVAX"
CTI-288084,VAC0161,"","ZOSTAVAX"
CTI-287691,VAC0017,"","M-M-RVAXPRO"
CTI-494204,VAC0535,"","VAXELIS"
CTI-663319,VAC1055,"","NUVAXOVID XBB.1.5"
CTI-420402,VAC0486,"","NIMENRIX"
CTI-575173,VAC0594,"","MenQuadfi"
CTI-284611,VAC0009,"","HBVAXPRO 10 µg"
CTI-566035,VAC0595,"","FLUCELVAX TETRA"
CTI-287253,VAC0174,"","PROQUAD"
CTI-661244,VAC0667,"","NUVAXOVID"
CTI-592506,VAC0833,"","COMIRNATY 10 µg  BIONTECH-PFIZER"
CTI-338581,VAC0083,"","SYNFLORIX"
CTI-661712,VAC1033,"","COMIRNATY ORIGINAL/OMICRON BA.4-5 (5/5 µg) BIONTECH-PFIZER"
CTI-360534,VAC0123,"","PREVENAR 13"
CTI-501511,VAC0560,"","VAXIGRIPTETRA"
CTI-662557,VAC1335,"","INCELLIPAN"
CTI-663372,VAC1334,"","COMIRNATY KP.2 30 µg ADULT (+ 12 YEARS)"
CTI-360586,VAC0123,"","PREVENAR 13"
CTI-133637,VAC0013,"","IMOVAX POLIO"
CTI-663772,VAC1261,"","NUVAXOVID JN.1"
CTI-661717,VAC1033,"","COMIRNATY ORIGINAL/OMICRON BA.4-5 (5/5 µg) BIONTECH-PFIZER"
CTI-519982,VAC0582,"","TRUMENBA"
CTI-661775,VAC1047,"","ABRYSVO"
CTI-434506,VAC0495,"","BEXSERO"
CTI-663259,VAC1270,"","SPIKEVAX JN.1 0,1 mg/mL dose 50 µg"
CTI-663612,VAC0230,"","FLUAD"
CTI-575137,VAC0871,"","SUPEMTEK TETRA"
CTI-223824,VAC0011,"","HBVAXPRO 5 µg"
CTI-660784,VAC1022,"","COMIRNATY 3 µg INFANTS AND CHILDREN BIONTECH-PFIZER"
CTI-663375,VAC1333,"","COMIRNATY KP.2 10 µg CHILDREN (5-11 YEARS)"
CTI-287707,VAC0017,"","M-M-RVAXPRO"
CTI-661737,VAC1052,"","COMIRNATY OMICRON XBB.1.5 10 µg"
CTI-663597,VAC0141,"","MENVEO"
CTI-284584,VAC0011,"","HBVAXPRO 5 µg"
CTI-662540,VAC0510,"","HEXYON"
CTI-662873,VAC1260,"","COMIRNATY JN.1 3 µg CHILDREN (6 MONTHS-4 YEARS)"
CTI-434524,VAC0495,"","BEXSERO"
CTI-338615,VAC0083,"","SYNFLORIX"
CTI-663773,VAC1261,"","NUVAXOVID JN.1"
CTI-223903,VAC0009,"","HBVAXPRO 10 µg"
CTI-287743,VAC0017,"","M-M-RVAXPRO"
CTI-663611,VAC0230,"","FLUAD"
CTI-661565,VAC1040,"","AREXVY"
CTI-241096,VAC0736,"","TRIAXIS POLIO"
CTI-274391,VAC0886,"","MONO OPV1"
CTI-538275,VAC0595,"","FLUCELVAX TETRA"
CTI-575146,VAC0871,"","SUPEMTEK TETRA"
CTI-303457,VAC0044,"","CERVARIX"
CTI-287305,VAC0174,"","PROQUAD"
CTI-475244,VAC0020,"","MENJUGATEKIT 10 µg"
CTI-284557,VAC0011,"","HBVAXPRO 5 µg"
CTI-324974,VAC0514,"","ROTARIX"
CTI-663568,VAC0926,"","FLUCELVAX"
CTI-663852,VAC0913,"","BIMERVAX"
CTI-598853,VAC0780,"","VAXNEUVANCE"
CTI-490186,VAC0014,"","INFANRIX HEXA"
CTI-328343,VAC0011,"","HBVAXPRO 5 µg"
CTI-661582,VAC0667,"","NUVAXOVID"
CTI-323696,VAC0007,"","GARDASIL"
CTI-663261,VAC1268,"","SPIKEVAX JN.1 50 µg"
CTI-660953,VAC1023,"","COMIRNATY ORIGINAL/OMICRON BA.4-5 (15/15 µg) BIONTECH-PFIZER"
CTI-247493,VAC0168,"","AMBIRIX"
CTI-223842,VAC0009,"","HBVAXPRO 10 µg"
CTI-566551,VAC0486,"","NIMENRIX"
CTI-660781,VAC1024,"","SPIKEVAX BIVALENT ORIGINAL/OMICRON BA.4-5 (50 µg/50 µg)/mL MODERNA"
CTI-357831,VAC0475,"","FOCLIVIA"
CTI-566044,VAC0595,"","FLUCELVAX TETRA"
CTI-223815,VAC0011,"","HBVAXPRO 5 µg"
CTI-288127,VAC0161,"","ZOSTAVAX"
CTI-594702,VAC0780,"","VAXNEUVANCE"
CTI-663552,VAC0926,"","FLUCELVAX"
CTI-561591,VAC0017,"","M-M-RVAXPRO"
CTI-575004,VAC0871,"","SUPEMTEK TETRA"
CTI-662861,VAC1060,"","SPIKEVAX XBB.1.5 50 µg MODERNA"
CTI-325017,VAC0514,"","ROTARIX"
CTI-662476,VAC0913,"","BIMERVAX"
CTI-520551,VAC0083,"","SYNFLORIX"
CTI-420436,VAC0486,"","NIMENRIX"
CTI-663217,VAC0520,"","IMVANEX"
CTI-559697,VAC0778,"","VAXCHORA"
CTI-325001,VAC0514,"","ROTARIX"
CTI-663265,VAC1268,"","SPIKEVAX JN.1 50 µg"
CTI-593884,VAC0667,"","NUVAXOVID"
CTI-288881,VAC0031,"","ROTATEQ"
CTI-385646,VAC0170,"","AFLUNOV"
CTI-288093,VAC0161,"","ZOSTAVAX"
CTI-340067,VAC0073,"","IXIARO"
CTI-472880,VAC0123,"","PREVENAR 13"
CTI-434515,VAC0495,"","BEXSERO"
CTI-519342,VAC0123,"","PREVENAR 13"
CTI-441077,VAC0507,"","HEXACIMA"
CTI-562826,VAC0836,"","FLUAD TETRA"
CTI-594871,VAC0780,"","VAXNEUVANCE"
CTI-275965,VAC0480,"","FENDRIX"
CTI-562791,VAC0836,"","FLUAD TETRA"
CTI-662051,VAC1338,"","ZOONOTIC"
CTI-219572,VAC0014,"","INFANRIX HEXA"
CTI-441061,VAC0507,"","HEXACIMA"
CTI-287262,VAC0174,"","PROQUAD"
CTI-661768,VAC1060,"","SPIKEVAX XBB.1.5 50 µg MODERNA"
CTI-331746,VAC0044,"","CERVARIX"
CTI-276841,VAC0774,"","FSME-IMMUN 0,25 mL"
CTI-357847,VAC0475,"","FOCLIVIA"
CTI-158724,VAC0001,"","ACT-HIB"
CTI-661739,VAC1052,"","COMIRNATY OMICRON XBB.1.5 10 µg"
CTI-219554,VAC0014,"","INFANRIX HEXA"
CTI-270435,VAC0568,"","BOOSTRIX-POLIO"
CTI-187031,VAC0166,"","VAQTA 50 U"
CTI-226274,VAC0850,"","NEISVAC-C"
CTI-663610,VAC0230,"","FLUAD"
CTI-357865,VAC0475,"","FOCLIVIA"
CTI-247511,VAC0168,"","AMBIRIX"
CTI-441156,VAC0510,"","HEXYON"
CTI-575120,VAC0871,"","SUPEMTEK TETRA"
CTI-593360,VAC0594,"","MenQuadfi"
CTI-288136,VAC0161,"","ZOSTAVAX"
CTI-441086,VAC0507,"","HEXACIMA"
CTI-661237,VAC0520,"","IMVANEX"
CTI-660950,VAC0658,"","COMIRNATY 30 µg BIONTECH-PFIZER"
CTI-591804,VAC0658,"","COMIRNATY 30 µg BIONTECH-PFIZER"
CTI-519324,VAC0123,"","PREVENAR 13"
CTI-288111,VAC0161,"","ZOSTAVAX"
CTI-660832,VAC1033,"","COMIRNATY ORIGINAL/OMICRON BA.4-5 (5/5 µg) BIONTECH-PFIZER"
CTI-223885,VAC0009,"","HBVAXPRO 10 µg"
CTI-661735,VAC1051,"","COMIRNATY OMICRON XBB.1.5 30 µg"
CTI-220954,VAC0541,"","BOOSTRIX"
CTI-661136,VAC1036,"","SPIKEVAX BIVALENT ORIGINAL/OMICRON BA.4-5 25 µg/25 µg MODERNA"
CTI-287734,VAC0017,"","M-M-RVAXPRO"
CTI-472871,VAC0123,"","PREVENAR 13"
CTI-661736,VAC1051,"","COMIRNATY OMICRON XBB.1.5 30 µg"
CTI-187004,VAC0165,"","VAQTA 25 U/0,5 mL"
CTI-661774,VAC1047,"","ABRYSVO"
CTI-661133,VAC1036,"","SPIKEVAX BIVALENT ORIGINAL/OMICRON BA.4-5 25 µg/25 µg MODERNA"
CTI-580880,VAC0733,"","HEPLISAV-B"
CTI-483182,VAC0336,"","PNEUMOVAX"
CTI-596666,VAC0900,"","PREVENAR 20 (previously APEXXNAR)"
CTI-459137,VAC0575,"","FSME-IMMUN"
CTI-538417,VAC0539,"","DENGVAXIA"
CTI-324983,VAC0514,"","ROTARIX"
CTI-207873,VAC0030,"","REVAXIS"
CTI-264047,VAC0005,"","DUKORAL"
CTI-661765,VAC1058,"","SPIKEVAX XBB.1.5 0.1 mg/mL dose 50 µg MODERNA"
CTI-230151,VAC0570,"","HIBERIX"
CTI-223781,VAC0011,"","HBVAXPRO 5 µg"
CTI-594897,VAC0780,"","VAXNEUVANCE"
CTI-185062,VAC0035,"","STAMARIL"
CTI-661776,VAC1047,"","ABRYSVO"
CTI-303536,VAC0044,"","CERVARIX"
CTI-588000,VAC0060,"","VARILRIX"
CTI-287201,VAC0174,"","PROQUAD"
CTI-591795,VAC0658,"","COMIRNATY 30 µg BIONTECH-PFIZER"
CTI-441122,VAC0510,"","HEXYON"
CTI-338624,VAC0083,"","SYNFLORIX"
CTI-662556,VAC1331,"","CELLDEMIC"
CTI-596693,VAC0900,"","PREVENAR 20 (previously APEXXNAR)"
CTI-219545,VAC0014,"","INFANRIX HEXA"
CTI-287287,VAC0174,"","PROQUAD"
CTI-591475,VAC0141,"","MENVEO"
CTI-662701,VAC1053,"","COMIRNATY OMICRON XBB.1.5 3 µg"
CTI-660541,VAC1031,"","SPIKEVAX 50 µg MONODOSE MODERNA"
CTI-661366,VAC0913,"","BIMERVAX"
CTI-284593,VAC0009,"","HBVAXPRO 10 µg"
CTI-303527,VAC0044,"","CERVARIX"
CTI-577742,VAC0656,"","SPIKEVAX 0,2 mg/mL MODERNA"
CTI-662477,VAC0913,"","BIMERVAX"
CTI-514142,VAC0562,"","INFLUVAC TETRA"
CTI-338563,VAC0083,"","SYNFLORIX"
CTI-196122,VAC0037,"","TETRAVAC-ACELLULAIRE"
CTI-663260,VAC1270,"","SPIKEVAX JN.1 0,1 mg/mL dose 50 µg"
CTI-663569,VAC0926,"","FLUCELVAX"
CTI-599537,VAC0594,"","MenQuadfi"
CTI-660783,VAC1032,"","SPIKEVAX BIVALENT ORIGINAL/OMICRON BA.1 (25 µg/25 µg) MODERNA"
CTI-212152,VAC0569,"","INFANRIX-IPV"
CTI-662865,VAC1258,"","COMIRNATY JN.1 30 µg"
CTI-663215,VAC1262,"","MRESVIA"
CTI-663570,VAC0926,"","FLUCELVAX"
CTI-661767,VAC1060,"","SPIKEVAX XBB.1.5 50 µg MODERNA"
CTI-661734,VAC1051,"","COMIRNATY OMICRON XBB.1.5 30 µg"
CTI-660572,VAC1017,"","SPIKEVAX BIVALENT ORIGINAL/OMICRON BA.1 (50 µg/50 µg)/mL MODERNA"
CTI-662864,VAC1051,"","COMIRNATY OMICRON XBB.1.5 30 µg"
CTI-661583,VAC0667,"","NUVAXOVID"
CTI-303511,VAC0044,"","CERVARIX"
CTI-441131,VAC0510,"","HEXYON"
CTI-662700,VAC1051,"","COMIRNATY OMICRON XBB.1.5 30 µg"
CTI-288452,VAC0007,"","GARDASIL"
CTI-661770,VAC1060,"","SPIKEVAX XBB.1.5 50 µg MODERNA"
CTI-663613,VAC0230,"","FLUAD"
CTI-575182,VAC0594,"","MenQuadfi"
CTI-663214,VAC1262,"","MRESVIA"
CTI-331737,VAC0044,"","CERVARIX"
CTI-663596,VAC0141,"","MENVEO"
CTI-360552,VAC0123,"","PREVENAR 13"
CTI-288495,VAC0007,"","GARDASIL"
CTI-565982,VAC0514,"","ROTARIX"
CTI-288181,VAC0174,"","PROQUAD"
CTI-662475,VAC0913,"","BIMERVAX"
CTI-661740,VAC1053,"","COMIRNATY OMICRON XBB.1.5 3 µg"
CTI-287244,VAC0174,"","PROQUAD"
CTI-129026,VAC0060,"","VARILRIX"
CTI-324965,VAC0514,"","ROTARIX"
CTI-357874,VAC0777,"","ADJUPANRIX"
CTI-662867,VAC1258,"","COMIRNATY JN.1 30 µg"
CTI-562800,VAC0836,"","FLUAD TETRA"
CTI-223921,VAC0010,"","HBVAXPRO 40 µg"
CTI-287944,VAC0161,"","ZOSTAVAX"
CTI-360543,VAC0123,"","PREVENAR 13"
CTI-571457,VAC0475,"","FOCLIVIA"
CTI-439336,VAC0053,"","PRIORIX"
CTI-660833,VAC1033,"","COMIRNATY ORIGINAL/OMICRON BA.4-5 (5/5 µg) BIONTECH-PFIZER"
CTI-660959,VAC0644,"","QDENGA"
CTI-288443,VAC0007,"","GARDASIL"
CTI-247536,VAC0168,"","AMBIRIX"
CTI-287777,VAC0161,"","ZOSTAVAX"
CTI-193961,VAC1045,"","INFANRIX-IPV/Hib"
CTI-167386,VAC0049,"","HAVRIX 1440 U/1mL"
CTI-663851,VAC0913,"","BIMERVAX"
CTI-220963,VAC0541,"","BOOSTRIX"
CTI-662891,VAC0016,"","INFLUVAC 0,5 mL"
CTI-592497,VAC0833,"","COMIRNATY 10 µg  BIONTECH-PFIZER"
CTI-661771,VAC1047,"","ABRYSVO"
CTI-660574,VAC1021,"","COMIRNATY ORIGINAL/OMICRON BA.1 (15/15 µg) BIONTECH-PFIZER"
CTI-389882,VAC0851,"","POLIO SABIN MONO TWO (ORAL) GSK"
CTI-287953,VAC0161,"","ZOSTAVAX"
CTI-360577,VAC0123,"","PREVENAR 13"
CTI-520560,VAC0083,"","SYNFLORIX"
CTI-476195,VAC0523,"","GARDASIL 9"
CTI-169303,VAC0264,"","INFANRIX"
CTI-660960,VAC0644,"","QDENGA"
CTI-663373,VAC1334,"","COMIRNATY KP.2 30 µg ADULT (+ 12 YEARS)"
CTI-662793,VAC0173,"","FLUENZ"
CTI-66081801,VAC1046,"","BEYFORTUS 50 mg (nirsevimab)"
CTI-552080,VAC0586,"","Ervebo"
CTI-596684,VAC0900,"","PREVENAR 20 (previously APEXXNAR)"
CTI-180223,VAC0050,"","HAVRIX 720 U/0,5 mL"
CTI-581235,VAC0523,"","GARDASIL 9"
CTI-663264,VAC1268,"","SPIKEVAX JN.1 50 µg"
CTI-663934,VAC0990,"","ALPHARIX"
CTI-660540,VAC1019,"","SPIKEVAX 0,1 mg/mL MODERNA"
CTI-475235,VAC0020,"","MENJUGATEKIT 10 µg"
CTI-596675,VAC0900,"","PREVENAR 20 (previously APEXXNAR)"
CTI-494213,VAC0535,"","VAXELIS"
CTI-472862,VAC0123,"","PREVENAR 13"
CTI-324992,VAC0514,"","ROTARIX"
CTI-287296,VAC0174,"","PROQUAD"
