SNOMED-CT,NUVA,SNOMED-CT label, NUVA label
SNOMED-CT-1001000221103,VAC0944,"Inactivated whole Vibrio cholerae antigen only vaccine product in oral dose form","Cholera inactivated whole virion oral vaccine, unspecified"
SNOMED-CT-1003499009,#MISS,"Influenza A virus subtype H5N1 antigen only vaccine product",
SNOMED-CT-1010308001,VAC0102,"Inactivated whole Hepatitis A virus HM-175 strain antigen only vaccine product","Hepatitis A inactivated vaccine, unspecified"
SNOMED-CT-1010310004,VAC0159,"Live attenuated Human alphaherpesvirus 3 Oka-Merck strain only vaccine product","Chickenpox vaccine, unspecified"
SNOMED-CT-1010313002,VAC0822,"Live attenuated Influenza virus antigen only vaccine product","Influenza vaccine, live attenuated, unspecified"
SNOMED-CT-1010318006,VAC0102,"Inactivated whole Hepatitis A virus GBM strain antigen only vaccine product","Hepatitis A inactivated vaccine, unspecified"
SNOMED-CT-1010322001,VAC0159,"Live attenuated Human alphaherpesvirus 3 Oka strain only vaccine product","Chickenpox vaccine, unspecified"
SNOMED-CT-1010689004,#MISS,"Haemophilus influenzae type b capsular polysaccharide polyribosylribitol phosphate antigen conjugated to Clostridium tetani toxoid only vaccine product",
SNOMED-CT-1011000221100,VAC1149,"Live attenuated Vibrio cholerae antigen only vaccine product in oral dose form","Cholera oral live attenuated vaccine, unspecified"
SNOMED-CT-1031000221108,VAC0135,"Human poliovirus antigen-containing vaccine product","Polio vaccine, unspecified"
SNOMED-CT-1051000221104,VAC0600,"Live attenuated Human poliovirus serotypes 1 and 3 antigens only vaccine product in oral dose form","Poliomyelitis OPV bivalent 1-3, unspecified"
SNOMED-CT-1052328007,VAC0324,"Streptococcus pneumoniae Danish serotype 4, 6B, 9V, 14, 18C, 19F, and 23F capsular polysaccharide antigens conjugated only vaccine product","Pneumococcal conjugate vaccine, 7 valent, unspecified"
SNOMED-CT-1052330009,VAC1233,"Streptococcus pneumoniae Danish serotype 1, 4, 5, 6B, 7F, 9V, 14, 18C, 19F, and 23F capsular polysaccharide antigens conjugated only vaccine product","Pneumococcus 10-valent polysaccharide conjugate vaccine, serotypes 1, 4, 5, 6B, 7F, 9V, 14, 18C, 19F and 23F"
SNOMED-CT-1061000221102,VAC0810,"Neisseria meningitidis capsular polysaccharide antigen-only vaccine product","Meningococcal polyvalent polysaccharide vaccine, unspecified"
SNOMED-CT-1081000221109,VAC0158,"Live attenuated Rotavirus antigen only vaccine product","Rotavirus vaccine, unspecified"
SNOMED-CT-1101000221104,VAC0132,"Clostridium tetani toxoid antigen-containing vaccine product","Tetanus vaccine, unspecified"
SNOMED-CT-1111000221101,VAC1134,"Live attenuated Junin virus antigen-containing vaccine product","Argentine hemorrhagic fever live attenuated vaccine against, Junin virus, unspecified"
SNOMED-CT-1119220001,VAC0339,"Streptococcus pneumoniae Danish serotype 1, 2, 3, 4, 5, 6B, 7F, 8, 9N, 9V, 10A, 11A, 12F, 14, 15B, 17F, 18C, 19A, 19F, 20, 22F, 23F, and 33F capsular polysaccharide antigens only vaccine product","Pneumococcal polysaccharide vaccine 23-valent, unspecified"
SNOMED-CT-1119279002,VAC0084,"Inactivated whole Influenza A virus subtype H5N1 antigen only vaccine product","Influenza H5N1 pre-pandemic vaccine, unspecified"
SNOMED-CT-1119305005,VAC0648,"SARS-CoV-2 antigen vaccine","COVID-19 vaccine, unspecified"
SNOMED-CT-1119349007,VAC1041,"SARS-CoV-2 mRNA vaccine","COVID-19 mRNA vaccine, unspecified"
SNOMED-CT-1119351006,VAC0808,"Haemophilus influenzae type b and Neisseria meningitidis serogroup C and Y antigens only vaccine product","Haemophilus influenzae type b and meningococcal conjugate (serogroups C and Y) vaccine, unspecified"
SNOMED-CT-1121000221106,VAC0111,"Live attenuated Yellow fever virus antigen only vaccine product","Yellow fever vaccine, unspecified"
SNOMED-CT-1131000221109,VAC0131,"Vaccine product containing only inactivated whole Rabies lyssavirus antigen","Rabies vaccine, unspecified"
SNOMED-CT-1156183006,VAC1241,"Human alphaherpesvirus 3 recombinant surface glycoprotein E antigen only vaccine product","Shingles vaccine, varicella-zoster virus (VZV) surface glycoprotein E (gE), unspecified"
SNOMED-CT-1156879008,VAC0857,"Bordetella pertussis and Clostridium tetani and Corynebacterium diphtheriae and Hepatitis B virus antigens only vaccine product","Diphtheria (standard dose), tetanus, pertussis (acellular standard dose or whole-inactivated) and hepatitis B (recombinant) vaccine, pediatric"
SNOMED-CT-1157024006,#MISS,"Inactivated whole SARS-CoV-2 antigen vaccine",
SNOMED-CT-1157356006,VAC0147,"Influenza A virus A/California/7/2009 (H1N1)-like virus strain split virion hemagglutinin antigen only vaccine product","Influenza A(H1N1)2009 vaccine, unspecified"
SNOMED-CT-1162629006,VAC0084,"Influenza A virus A/Indonesia/05/2005 (H5N1)-like virus strain split virion hemagglutinin antigen only vaccine product","Influenza H5N1 pre-pandemic vaccine, unspecified"
SNOMED-CT-1162634005,VAC0552,"Acellular Bordetella pertussis and Clostridium tetani toxoid and Corynebacterium diphtheriae toxoid and Haemophilus influenzae type b conjugated and Hepatitis B virus and inactivated Human poliovirus antigens only paediatric vaccine product","Hexavalent vaccine DTPCaHibHepB - Diphtheria-Tetanus-Polio-Acellular Pertussis-Hib-HepB, unspecified"
SNOMED-CT-1162637003,VAC0552,"Acellular Bordetella pertussis and Clostridium tetani and Corynebacterium diphtheriae and Haemophilus influenzae type b and Hepatitis B virus and inactivated Human poliovirus antigens only vaccine product","Hexavalent vaccine DTPCaHibHepB - Diphtheria-Tetanus-Polio-Acellular Pertussis-Hib-HepB, unspecified"
SNOMED-CT-1162643001,VAC1113,"SARS-CoV-2 recombinant spike protein antigen vaccine","COVID-19 protein subunit vaccine, recombinant spike protein, unspecified"
SNOMED-CT-1181000221105,VAC0110,"Influenza virus antigen only vaccine product","Influenza vaccine, unspecified"
SNOMED-CT-1187593009,VAC1128,"SARS-CoV-2 DNA plasmid encoding spike protein vaccine","COVID-19 plasmid DNA vaccine, unspecified"
SNOMED-CT-1209197008,VAC0860,"Human papillomavirus 6, 11, 16, 18, 31, 33, 45, 52 and 58 antigens only vaccine product","HPV vaccine nonavalent, unspecified"
SNOMED-CT-121000221105,VAC0825,"Inactivated whole Hepatitis A and Hepatitis B surface antigens only vaccine product","Hepatitis A and hepatitis B combined vaccine, unspecified"
SNOMED-CT-1252690003,VAC1434,"Neisseria meningitidis serogroup A antigen only vaccine product","Meningococcal A vaccine, unspecified"
SNOMED-CT-1252703004,VAC0623,"Measles morbillivirus and Mumps orthorubulavirus antigens only vaccine product","Measles-mumps vaccine, unspecified"
SNOMED-CT-1252708008,VAC1239,"Streptococcus pneumoniae Danish serotype 1, 3, 4, 5, 6A, 6B, 7F, 9V, 14, 18C, 19A, 19F, 22F, 23F, and 33F capsular polysaccharide conjugated antigens only vaccine product","Pneumococcal 15-valent polysaccharide conjugate vaccine, adsorbed, serotypes 1, 3, 4, 5, 6A, 6B, 7F, 9V, 14, 18C, 19A, 19F, 22F, 23F and 33F"
SNOMED-CT-1252709000,VAC1163,"Streptococcus pneumoniae Danish serotype 1, 3, 4, 5, 6A, 6B, 7F, 8, 9V, 10A, 11A, 12F, 14, 15B, 18C, 19A, 19F, 22F, 23F, 33F capsular polysaccharide antigens conjugated only vaccine product","Pneumococcus 20-valent conjugate vaccine, unspecified"
SNOMED-CT-1254676002,#MISS,"Live attenuated virus antigen-containing vaccine product",
SNOMED-CT-1269346004,VAC0133,"Live attenuated Vaccinia virus antigen only vaccine product","Smallpox vaccine, unspecified"
SNOMED-CT-1287338003,VAC1037,"Tick-borne encephalitis virus antigen only pediatric vaccine product","Tick-borne encephalitis vaccine, Neudörfl strain, paediatric dose, unspecified"
SNOMED-CT-1287595003,VAC1117,"Paediatric B and BA.4/BA.5 lineage SARS-CoV-2 bivalent mRNA only vaccine product","COVID-19 bivalent mRNA vaccine against the original virus and the Omicron BA.4/5 variant, 5 micrograms, unspecified"
SNOMED-CT-1287596002,VAC1140,"Adult B and BA.4/BA.5 lineage SARS-CoV-2 bivalent mRNA only vaccine product","COVID-19 bivalent mRNA vaccine against the original virus and the Omicron BA.4/5 variant, 25 micrograms, unspecified"
SNOMED-CT-1287964002,VAC1421,"B lineage SARS-CoV-2 monovalent mRNA only vaccine product","COVID-19 vaccine, mRNA encoding the SARS-CoV-2 spike protein, original virus"
SNOMED-CT-1290123005,#MISS,"Protozoa antigen-containing vaccine product",
SNOMED-CT-1290624003,VAC0133,"Variola virus antigen-containing vaccine product","Smallpox vaccine, unspecified"
SNOMED-CT-1290625002,VAC0133,"Variola virus antigen only vaccine product","Smallpox vaccine, unspecified"
SNOMED-CT-1290764006,VAC0828,"Vaccine product containing only live pentavalent Rotavirus antigen","Rotavirus pentavalent vaccine, unspecified"
SNOMED-CT-1293025000,VAC1157,"Modified Vaccinia virus Ankara antigen only vaccine product","Smallpox 3rd generation vaccine, modified Ankara vaccinia virus, unspecified"
SNOMED-CT-1296676008,VAC0101,"Hepatitis B recombinant adsorbed surface antigen only vaccine product","Hepatitis B vaccine, recombinant, unspecified"
SNOMED-CT-1296677004,VAC0915,"Hepatitis B high dose recombinant surface antigen only vaccine product","Hepatitis B vaccine, monovalent, adult dose, unspecified"
SNOMED-CT-1296678009,VAC1145,"3 antigen Hepatitis B recombinant surface only vaccine product","Hepatitis B recombinant vaccine, three antigens, unspecified"
SNOMED-CT-1296753004,VAC0653,"Pediatric vaccine inactivated whole Hepatitis A and Hepatitis B surface antigens only vaccine product","Hepatitis A + Hepatitis B vaccine Child, unspecified"
SNOMED-CT-1296864005,VAC0914,"Pediatric Hepatitis B recombinant adsorbed surface antigen only vaccine product","Hepatitis B vaccine, monovalent, pediatric dose, unspecified"
SNOMED-CT-1297215000,VAC0113,"Live attenuated Rubella virus antigen only vaccine product","Rubella vaccine, live attenuated, unspecified"
SNOMED-CT-1297217008,VAC0602,"Paediatric acellular Bordetella pertussis and Clostridium tetani toxoid and Corynebacterium diphtheriae toxoid antigens only vaccine product","DTaP - Diphtheria-Tetanus-Pertussis vaccine, standard dose, unspecified"
SNOMED-CT-1304283008,VAC0101,"Hepatitis B recombinant surface antigen only vaccine product","Hepatitis B vaccine, recombinant, unspecified"
SNOMED-CT-1345036005,VAC1198,"Live attenuated Chikungunya virus antigen only vaccine product","Chinkungunya vaccine, live attenuated, unspecified"
SNOMED-CT-1345042009,VAC1277,"Chikungunya virus antigen-containing vaccine product","Chikungunya vaccine, unspecified"
SNOMED-CT-1345202008,VAC1277,"Chikungunya virus antigen only vaccine product","Chikungunya vaccine, unspecified"
SNOMED-CT-1360050007,VAC1280,"Streptococcus pneumoniae Danish serotype 3, 6A, 7F, 8, 9N, 10A, 11A, 12F, 15A, de-O-acetylated 15B, 16F, 17F, 19A, 20A, 22F, 23A, 23B, 24F, 31, 33F, 35B capsular polysaccharide antigens conjugated only vaccine product","Pneumococcal conjugate vaccine, 21-valent, adsorbed, serotypes 3, 6A, 7F, 8, 9N, 10A, 11A, 12F, 15A, 15B, 15C, 16F, 17F, 19A, 20A, 22F, 23A, 23B, 24F, 31, 33F, 35B"
SNOMED-CT-1362134008,VAC1213,"Inactivated whole Vibrio cholerae and Vibrio cholerae recombinant toxin B subunit antigens only vaccine product in oral dose form","Cholera vaccine containing recombinant cholera toxin B subunit and inactivated whole V. cholerae O1 bacteria, unspecified"
SNOMED-CT-1381704004,#MISS,"Acellular Bordetella pertussis and Clostridium tetani and Corynebacterium diphtheriae and Human poliovirus antigens only vaccine product",
SNOMED-CT-1382083004,#MISS,"Neisseria meningitidis serogroup A, C, and W capsular polysaccharide unconjugated antigens only vaccine product",
SNOMED-CT-1396376000,#MISS,"Neisseria meningitidis serogroup B and C antigens only vaccine product",
SNOMED-CT-1397103008,#MISS,"Influenza virus mRNA only vaccine product",
SNOMED-CT-1397260000,#MISS,"Virus mRNA-containing vaccine product",
SNOMED-CT-1397261001,#MISS,"Streptococcus agalactiae antigen only vaccine product",
SNOMED-CT-1397266006,#MISS,"Neisseria meningitidis serogroup A, B, C, W and Y antigens only vaccine product",
SNOMED-CT-1397307002,#MISS,"Streptococcus agalactiae antigen-containing vaccine product",
SNOMED-CT-1397308007,#MISS,"Influenza virus mRNA-containing vaccine product",
SNOMED-CT-1397313006,#MISS,"Live attenuated Human poliovirus serotype 1, 2 and 3 antigens only vaccine product",
SNOMED-CT-1397320004,#MISS,"Orthopneumovirus hominis mRNA only vaccine product",
SNOMED-CT-1399530002,#MISS,"Inactivated whole cell Bordetella pertussis antigen only vaccine product",
SNOMED-CT-1399557000,#MISS,"Salmonella enterica subspecies enterica serovar Paratyphi A and Salmonella enterica subspecies enterica serovar Paratyphi B and Salmonella enterica subspecies enterica serovar Typhi antigens only vaccine product",
SNOMED-CT-1399580008,#MISS,"Salmonella enterica subspecies enterica serovar Paratyphi B antigen-containing product",
SNOMED-CT-1399581007,#MISS,"Salmonella enterica subspecies enterica serovar Paratyphi A antigen-containing product",
SNOMED-CT-1399583005,#MISS,"Influenza virus and severe acute respiratory syndrome coronavirus 2 antigens only vaccine product",
SNOMED-CT-1401553000,#MISS,"Borrelia afzelii serotype 2 and Borrelia bavariensis serotype 4 and Borrelia burgdorferi serotype 1 and Borrelia garinii serotype 3, 5, and 6 outer surface protein A antigens only vaccine product",
SNOMED-CT-1401869004,#MISS,"Inactivated whole cell Bordetella pertussis and Clostridium tetani and Corynebacterium diphtheriae and Haemophilus influenzae type b and Hepatitis B virus and inactivated whole Human poliovirus antigens only vaccine product",
SNOMED-CT-1401970004,#MISS,"Inactivated whole cell Bordetella pertussis and Clostridium tetani and Corynebacterium diphtheriae and Hepatitis B virus antigens only vaccine product",
SNOMED-CT-1401972007,#MISS,"Inactivated whole cell Bordetella pertussis and Clostridium tetani and Corynebacterium diphtheriae and Haemophilus influenzae type b and inactivated whole Human poliovirus antigens only vaccine product",
SNOMED-CT-1406759003,#MISS,"Influenza virus messenger ribonucleic acid and severe acute respiratory syndrome coronavirus 2 messenger ribonucleic acid only vaccine product",
SNOMED-CT-1801000221105,VAC0814,"Streptococcus pneumoniae capsular polysaccharide antigen conjugated only vaccine product","Pneumococcal conjugate vaccine, serotypes unspecified"
SNOMED-CT-1861000221106,VAC0134,"Bacillus Calmette-Guerin antigen only vaccine product","BCG vaccine, unspecified"
SNOMED-CT-1971000221105,VAC0643,"Neisseria meningitidis serogroup A, C, W, and Y capsular polysaccharide conjugated antigens only vaccine product","Meningococcal ACWY conjugate vaccine, unspecified"
SNOMED-CT-1981000221108,VAC0811,"Neisseria meningitidis serogroup B antigen only vaccine product","Meningococcal B vaccine, unspecified"
SNOMED-CT-1991000221106,VAC0858,"Human papillomavirus 16 and 18 antigens only vaccine product","HPV vaccine bivalent, unspecified"
SNOMED-CT-2001000221108,VAC0859,"Human papillomavirus 6, 11, 16 and 18 antigens only vaccine product","HPV vaccine quadrivalent, unspecified"
SNOMED-CT-2021000221101,VAC0132,"Clostridium tetani toxoid antigen only vaccine product","Tetanus vaccine, unspecified"
SNOMED-CT-2031000221103,VAC0920,"Clostridium tetani and Corynebacterium diphtheriae toxoids only adult vaccine product","Diphtheria-tetanus Td vaccine, unspecified"
SNOMED-CT-2041000221105,VAC0143,"Haemophilus influenzae type b capsular polysaccharide antigen conjugated only vaccine product","Haemophilus influenzae B (or Hib) vaccine, unspecified"
SNOMED-CT-2051000221107,VAC0610,"Adult acellular Bordetella pertussis and Clostridium tetani toxoid and Corynebacterium diphtheriae toxoid antigens only vaccine product","Tdap - Diphtheria-Tetanus-Pertussis vaccine, low dose, unspecified"
SNOMED-CT-2061000221109,VAC0136,"Whole cell Bordetella pertussis and Clostridium tetani toxoid and Corynebacterium diphtheriae toxoid only pediatric vaccine product","DTwP - Diphtheria-Tetanus-Pertussis, unspecified"
SNOMED-CT-2071000221100,VAC0775,"Whole cell Bordetella pertussis and Corynebacterium diphtheriae toxoid and Clostridium tetani toxoid and Haemophilus influenzae type b capsular polysaccharide conjugated antigens only pediatric vaccine","Diphtheria (standard dose), tetanus, pertussis (whole-cell inactivated) and Haemophilus influenzae type b (conjugated) vaccine (DTwPHib), pediatric"
SNOMED-CT-2081000221102,VAC0596,"Acellular Bordetella pertussis and Clostridium tetani and Corynebacterium diphtheriae toxoids and Haemophilus influenzae type b capsular polysaccharide conjugated and Hepatitis B virus surface antigens only pediatric vaccine","DTaPHibHepB pentavalent vaccine, unspecified"
SNOMED-CT-2091000221104,VAC0506,"Acellular Bordetella pertussis and Clostridium tetani and Corynebacterium diphtheriae and Haemophilus influenzae type b and Human poliovirus antigens only paediatric vaccine product","Pentavalent DTaPHibIPV vaccine, unspecified"
SNOMED-CT-2101000221107,VAC0552,"Acellular Bordetella pertussis and Clostridium tetani and Corynebacterium diphtheriae and Haemophilus influenzae type b and Hepatitis B virus and Human poliovirus antigens only pediatric vaccine product","Hexavalent vaccine DTPCaHibHepB - Diphtheria-Tetanus-Polio-Acellular Pertussis-Hib-HepB, unspecified"
SNOMED-CT-2171000221104,VAC0713,"Salmonella enterica subspecies enterica serovar Typhi capsular polysaccharide unconjugated antigen only vaccine product in parenteral dose form","Typhoid polysaccharide vaccine, unspecified"
SNOMED-CT-2181000221101,VAC0944,"Vibrio cholerae antigen only vaccine product in oral dose form","Cholera inactivated whole virion oral vaccine, unspecified"
SNOMED-CT-2191000221103,VAC1435,"Inactivated whole Rabies lyssavirus antigen grown in cellular line only vaccine product","Rabies vaccine, inactivated, whole virion, cell culture-based, unspecified"
SNOMED-CT-2201000221100,VAC1436,"Inactivated whole Rabies lyssavirus antigen grown in brain tissue only vaccine product","Rabies vaccine, inactivated, whole virion, prepared from animal brain tissue infected with rabies virus, unspecified"
SNOMED-CT-2211000221102,#MISS,"Influenza A virus subtypes H1N1 and H3N2 and influenza B virus Victoria lineage antigens only vaccine product",
SNOMED-CT-2221000221107,VAC0159,"Live attenuated Human alphaherpesvirus 3 only vaccine product","Chickenpox vaccine, unspecified"
SNOMED-CT-2231000221105,VAC0550,"Live attenuated Measles morbillivirus and Rubella virus antigens only vaccine product","Measles and rubella live attenuated vaccine, unspecified"
SNOMED-CT-2241000221103,VAC0130,"Live attenuated Measles morbillivirus and Mumps orthorubulavirus and Rubella virus antigens only vaccine product","MMR Measles-Mumps-Rubella Vaccine, live attenuated, unspecified"
SNOMED-CT-2251000221101,VAC0827,"Live attenuated Measles morbillivirus and Mumps orthorubulavirus and Rubella virus and Human alphaherpesvirus 3 antigens only vaccine product","Measles, mumps, rubella and varicella (MMRV) live attenuated vaccine, unspecified"
SNOMED-CT-2261000221104,#MISS,"Influenza A virus subtypes H1N1 and H3N2 and Influenza B virus Victoria and Yamagata lineage antigens only vaccine product",
SNOMED-CT-28531000087107,VAC0648,"COVID-19 vaccine","COVID-19 vaccine, unspecified"
SNOMED-CT-29061000087103,VAC1143,"COVID-19 non-replicating viral vector vaccine","COVID-19 vaccine with non-replicating viral vector, adenovirus encoding the spike protein of SARS-CoV-2, unspecified"
SNOMED-CT-30041000234101,#MISS,"Influenza A virus subtype H5N8 antigen only vaccine product",
SNOMED-CT-30141000087107,VAC1106,"SARS-CoV-2 virus-like particle antigen vaccine","COVID-19 VLP vaccine, unspecified"
SNOMED-CT-318341000221109,VAC0856,"Acellular Bordetella pertussis and Corynebacterium diphtheriae toxoid and Clostridium tetani toxoid and Haemophilus influenzae type b capsular polysaccharide conjugated antigens only paediatric vaccine","Diphtheria (standard dose), tetanus and pertussis (multicomponent acellular, standard dose) and Haemophilus influenzae type b (conjugated, unspecified) DTaPHib vaccine, pediatric"
SNOMED-CT-318351000221106,VAC0551,"Acellular Bordetella pertussis and Clostridium tetani toxoid and Corynebacterium diphtheriae toxoid and inactivated whole Human Poliovirus serotype 1, 2 and 3 antigens only pediatric vaccine product","DTaPIPV vaccine, standard dose, unspecified"
SNOMED-CT-319941000221104,VAC0134,"Bacillus Calmette-Guerin antigen only vaccine product in parenteral dose form","BCG vaccine, unspecified"
SNOMED-CT-37146000,VAC0512,"Typhus vaccine","Typhus vaccine, unspecified"
SNOMED-CT-409568008,VAC0937,"Pentavalent botulinum toxoid vaccine","Botulism vaccine, unspecified"
SNOMED-CT-45861000087106,VAC0154,"Plasmodium falciparum antigen-containing vaccine product","Malaria vaccine, unspecified"
SNOMED-CT-45891000087103,VAC0831,"Live attenuated Zaire ebolavirus antigen only vaccine product","Ebola vaccine, unspecified"
SNOMED-CT-462321000124107,VAC0610,"Low dose acellular Bordetella pertussis and Clostridium tetani and low dose Corynebacterium diphtheriae antigens only vaccine product","Tdap - Diphtheria-Tetanus-Pertussis vaccine, low dose, unspecified"
SNOMED-CT-51311000087100,VAC1431,"Respiratory syncytial virus only vaccine product","RSV vaccine, unspecified"
SNOMED-CT-51451000087105,VAC0997,"Streptococcus pneumoniae Danish serotype 1, 3, 4, 5, 6A, 6B, 7F, 9V, 14, 18C, 19A, 19F, 23F, capsular polysaccharide conjugated antigens only vaccine product","Pneumococcal 13-valent conjugate vaccine, unspecified"
SNOMED-CT-51591000087104,VAC1118,"Enterovirus A71 antigen only vaccine","Enterovirus A71 vaccine, unspecified"
SNOMED-CT-52821000087108,VAC0866,"Neisseria meningitidis serogroup A capsular polysaccharide conjugated antigen only vaccine product","Meningococcal A conjugate polysaccharide vaccine, unspecified"
SNOMED-CT-601000221108,VAC0795,"Bordetella pertussis antigen-containing vaccine product","Acellular pertussis vaccine, unspecified"
SNOMED-CT-774618008,VAC0136,"Whole cell Bordetella pertussis and Clostridium tetani toxoid adsorbed and Corynebacterium diphtheriae toxoid antigens only vaccine product","DTwP - Diphtheria-Tetanus-Pertussis, unspecified"
SNOMED-CT-775641005,VAC0382,"Clostridium tetani toxoid adsorbed and Corynebacterium diphtheriae toxoid antigens only vaccine product","Tetanus diphtheria vaccine, unspecified"
SNOMED-CT-777725002,VAC0132,"Clostridium tetani toxoid antigen adsorbed only vaccine product","Tetanus vaccine, unspecified"
SNOMED-CT-836368004,#MISS,"Bacteria antigen-containing vaccine product",
SNOMED-CT-836369007,#MISS,"Virus antigen-containing vaccine product",
SNOMED-CT-836374004,VAC1125,"Hepatitis B virus antigen-containing vaccine product","Hepatitis B vaccine, unspecified"
SNOMED-CT-836375003,VAC0102,"Hepatitis A virus antigen-containing vaccine product","Hepatitis A inactivated vaccine, unspecified"
SNOMED-CT-836377006,VAC0110,"Influenza virus antigen-containing vaccine product","Influenza vaccine, unspecified"
SNOMED-CT-836378001,VAC0921,"Japanese encephalitis virus antigen-containing vaccine product","Japanese encephalitis vaccine, unspecified"
SNOMED-CT-836379009,VAC0156,"Human papillomavirus antigen-containing vaccine product","HPV Vaccine"
SNOMED-CT-836380007,VAC0143,"Haemophilus influenzae type b antigen-containing vaccine product","Haemophilus influenzae B (or Hib) vaccine, unspecified"
SNOMED-CT-836381006,VAC0655,"Corynebacterium diphtheriae antigen-containing vaccine product","Diphtheria vaccine, unspecified"
SNOMED-CT-836382004,VAC0114,"Measles morbillivirus antigen-containing vaccine product","Measles live attenuated vaccine, unspecified"
SNOMED-CT-836383009,VAC0144,"Vibrio cholerae antigen-containing vaccine product","Cholera vaccine, unspecified"
SNOMED-CT-836384003,VAC0804,"Bacillus anthracis antigen-containing vaccine product","Anthrax vaccine, unspecified"
SNOMED-CT-836385002,VAC0111,"Yellow fever virus antigen-containing vaccine product","Yellow fever vaccine, unspecified"
SNOMED-CT-836387005,VAC0158,"Rotavirus antigen-containing vaccine product","Rotavirus vaccine, unspecified"
SNOMED-CT-836388000,VAC0113,"Rubella virus antigen-containing vaccine product","Rubella vaccine, live attenuated, unspecified"
SNOMED-CT-836389008,VAC0133,"Vaccinia virus antigen-containing vaccine product","Smallpox vaccine, unspecified"
SNOMED-CT-836390004,VAC0112,"Salmonella enterica subspecies enterica serovar Typhi antigen-containing vaccine product","Typhoid vaccine, unspecified"
SNOMED-CT-836393002,VAC0131,"Rabies lyssavirus antigen-containing vaccine product","Rabies vaccine, unspecified"
SNOMED-CT-836397001,VAC0896,"Coxiella burnetii antigen-containing vaccine product","Q fever vaccine, unspecified"
SNOMED-CT-836398006,VAC0157,"Streptococcus pneumoniae antigen-containing vaccine product","Pneumococcal vaccine, unspecified"
SNOMED-CT-836400005,VAC0894,"Adenovirus antigen-containing vaccine product","Adenovirus vaccine, unspecified"
SNOMED-CT-836401009,VAC0945,"Neisseria meningitidis antigen-containing vaccine product","Meningococcal vaccine serogroup unknown, unspecified"
SNOMED-CT-836402002,VAC0134,"Bacillus Calmette-Guerin antigen-containing vaccine product","BCG vaccine, unspecified"
SNOMED-CT-836403007,VAC0145,"Tick-borne encephalitis virus antigen-containing vaccine product","Tick-borne encephalitis vaccine, unspecified"
SNOMED-CT-836421005,VAC0831,"Ebolavirus antigen-containing vaccine product","Ebola vaccine, unspecified"
SNOMED-CT-836495005,VAC0832,"Human alphaherpesvirus 3 antigen-containing vaccine product","Herpes Simplex vaccine, unspecified"
SNOMED-CT-836498007,VAC0153,"Mumps orthorubulavirus antigen-containing vaccine product","Mumps vaccine, unspecified"
SNOMED-CT-836500008,VAC0798,"Haemophilus influenzae type b and Neisseria meningitidis serogroup C antigens only vaccine product","Hib-MeningoC vaccine, unspecified"
SNOMED-CT-840549009,VAC0812,"Yersinia pestis antigen-containing vaccine product","Plague inactivated whole vaccine, unspecified"
SNOMED-CT-840551008,VAC0849,"Francisella tularensis antigen-containing vaccine product","Tularemia vaccine, unspecified"
SNOMED-CT-840563003,VAC0155,"Dengue virus antigen-containing vaccine product","Dengue vaccine, unspecified"
SNOMED-CT-840564009,VAC0148,"Leptospira antigen-containing vaccine product","Leptospirosis vaccine, unspecified"
SNOMED-CT-840599008,VAC1073,"Borrelia burgdorferi antigen-containing vaccine product","Lyme disease vaccine, unspecified"
SNOMED-CT-860722004,VAC1432,"Junin virus antigen-containing vaccine product","Argentine hemorrhagic fever vaccine, Junin virus, unspecified"
SNOMED-CT-860818003,VAC1075,"Bacillus anthracis antigen only vaccine product","Anthrax acellular vaccine, unspecified"
SNOMED-CT-863911006,VAC0132,"Clostridium tetani antigen-containing vaccine product","Tetanus vaccine, unspecified"
SNOMED-CT-863950005,#MISS,"Bacteria and virus antigens-containing vaccine product",
SNOMED-CT-865997008,VAC1247,"Hepatitis A virus antigen only adult vaccine product","Hepatitis A vaccine, unspecified"
SNOMED-CT-871716003,VAC0849,"Francisella tularensis antigen only vaccine product","Tularemia vaccine, unspecified"
SNOMED-CT-871717007,VAC0111,"Yellow fever virus antigen only vaccine product","Yellow fever vaccine, unspecified"
SNOMED-CT-871718002,VAC1433,"Yersinia pestis antigen only vaccine product","Plague vaccine, unspecified"
SNOMED-CT-871719005,VAC0145,"Tick-borne encephalitis virus antigen only vaccine product","Tick-borne encephalitis vaccine, unspecified"
SNOMED-CT-871720004,VAC0155,"Dengue virus antigen only vaccine product","Dengue vaccine, unspecified"
SNOMED-CT-871721000,VAC0831,"Ebolavirus antigen only vaccine product","Ebola vaccine, unspecified"
SNOMED-CT-871722007,VAC0894,"Adenovirus antigen only vaccine product","Adenovirus vaccine, unspecified"
SNOMED-CT-871723002,VAC0896,"Coxiella burnetii antigen only vaccine product","Q fever vaccine, unspecified"
SNOMED-CT-871724008,VAC0921,"Japanese encephalitis virus antigen only vaccine product","Japanese encephalitis vaccine, unspecified"
SNOMED-CT-871725009,VAC0819,"Inactivated whole Japanese encephalitis virus antigen only vaccine product","Japanese Encephalitis inactivated vaccine, unspecified"
SNOMED-CT-871726005,VAC0131,"Rabies lyssavirus antigen only vaccine product","Rabies vaccine, unspecified"
SNOMED-CT-871727001,VAC0133,"Vaccinia virus antigen only vaccine product","Smallpox vaccine, unspecified"
SNOMED-CT-871729003,VAC0655,"Corynebacterium diphtheriae antigen only vaccine product","Diphtheria vaccine, unspecified"
SNOMED-CT-871730008,VAC1172,"Low dose Corynebacterium diphtheriae antigen only vaccine product","Diphtheria toxoid, reduced dose, unspecified"
SNOMED-CT-871732000,VAC0113,"Rubella virus antigen only vaccine product","Rubella vaccine, live attenuated, unspecified"
SNOMED-CT-871737006,VAC0153,"Mumps orthorubulavirus antigen only vaccine product","Mumps vaccine, unspecified"
SNOMED-CT-871738001,VAC0153,"Live attenuated Mumps orthorubulavirus antigen only vaccine product","Mumps vaccine, unspecified"
SNOMED-CT-871739009,VAC0135,"Human poliovirus antigen only vaccine product","Polio vaccine, unspecified"
SNOMED-CT-871740006,VAC0270,"Inactivated whole Human poliovirus antigen only vaccine product","Poliomyelitis inactivated vaccine, unspecified"
SNOMED-CT-871742003,VAC0132,"Clostridium tetani antigen only vaccine product","Tetanus vaccine, unspecified"
SNOMED-CT-871750007,VAC0912,"Hepatitis A virus antigen only pediatric vaccine product","Hepatitis A vaccine, pediatric dose, unspecified"
SNOMED-CT-871751006,VAC1247,"Hepatitis A virus antigen only vaccine product","Hepatitis A vaccine, unspecified"
SNOMED-CT-871755002,VAC0713,"Salmonella enterica subspecies enterica serovar Typhi capsular polysaccharide Vi antigen only vaccine product","Typhoid polysaccharide vaccine, unspecified"
SNOMED-CT-871758000,VAC0796,"Bordetella pertussis antigen only vaccine product","Pertussis vaccine, unspecified"
SNOMED-CT-871759008,VAC0796,"Acellular Bordetella pertussis only vaccine product","Pertussis vaccine, unspecified"
SNOMED-CT-871761004,VAC0158,"Rotavirus antigen only vaccine product","Rotavirus vaccine, unspecified"
SNOMED-CT-871764007,VAC0143,"Haemophilus influenzae type b antigen only vaccine product","Haemophilus influenzae B (or Hib) vaccine, unspecified"
SNOMED-CT-871765008,VAC0114,"Measles morbillivirus antigen only vaccine product","Measles live attenuated vaccine, unspecified"
SNOMED-CT-871766009,VAC0114,"Live attenuated Measles morbillivirus antigen only vaccine product","Measles live attenuated vaccine, unspecified"
SNOMED-CT-871768005,#MISS,"Influenza virus antigen only vaccine product in nasal dose form",
SNOMED-CT-871772009,VAC0147,"Influenza A virus subtype H1N1 antigen only vaccine product","Influenza A(H1N1)2009 vaccine, unspecified"
SNOMED-CT-871803007,VAC0825,"Hepatitis A and Hepatitis B virus antigens only vaccine product","Hepatitis A and hepatitis B combined vaccine, unspecified"
SNOMED-CT-871804001,VAC0712,"Hepatitis A virus and Salmonella enterica subspecies enterica serovar Typhi antigens only vaccine product","Typhoid-hepatitis A vaccine, unspecified"
SNOMED-CT-871806004,VAC0801,"Haemophilus influenzae type b and Hepatitis B virus antigens only vaccine product","Haemophilus influenzae type b and hepatitis B vaccine, unspecified"
SNOMED-CT-871816007,VAC0380,"Clostridium tetani and Human poliovirus antigens only vaccine product","T.Polio, unspecified"
SNOMED-CT-871817003,VAC0550,"Measles morbillivirus and Rubella virus antigens only vaccine product","Measles and rubella live attenuated vaccine, unspecified"
SNOMED-CT-871822003,VAC1125,"Hepatitis B virus antigen only vaccine product","Hepatitis B vaccine, unspecified"
SNOMED-CT-871825001,VAC0819,"Inactivated whole Japanese encephalitis virus antigen adsorbed only vaccine product","Japanese Encephalitis inactivated vaccine, unspecified"
SNOMED-CT-871826000,VAC0382,"Clostridium tetani and Corynebacterium diphtheriae antigens only vaccine product","Tetanus diphtheria vaccine, unspecified"
SNOMED-CT-871827009,VAC0920,"Clostridium tetani and low dose Corynebacterium diphtheriae antigens only vaccine product","Diphtheria-tetanus Td vaccine, unspecified"
SNOMED-CT-871830002,VAC0655,"Corynebacterium diphtheriae toxoid antigen-containing vaccine product","Diphtheria vaccine, unspecified"
SNOMED-CT-871831003,VAC0130,"Measles morbillivirus and Mumps orthorubulavirus and Rubella virus antigens only vaccine product","MMR Measles-Mumps-Rubella Vaccine, live attenuated, unspecified"
SNOMED-CT-871837004,VAC0855,"Clostridium tetani and Corynebacterium diphtheriae and Human poliovirus antigens only vaccine product","Diphtheria (unspecified dose), tetanus and inactivated polio (trivalent) vaccine, adsorbed"
SNOMED-CT-871838009,VAC0549,"Clostridium tetani and low dose Corynebacterium diphtheriae and inactivated Human poliovirus antigens only vaccine product","dTIPV - Diphtheria-Tetanus-Polio, low dose, unspecified"
SNOMED-CT-871839001,VAC0800,"Bordetella pertussis and Clostridium tetani and Corynebacterium diphtheriae and Haemophilus influenzae type b antigens only vaccine product","Diphtheria-tetanus-pertussis-Hib vaccine, unspecified"
SNOMED-CT-871866001,VAC0150,"Neisseria meningitidis serogroup C only vaccine product","Meningococcal conjugate vaccine C, unspecified"
SNOMED-CT-871871008,VAC0151,"Neisseria meningitidis serogroup A and C antigens only vaccine product","Meningococcal A + C vaccine, unspecified"
SNOMED-CT-871873006,VAC0152,"Neisseria meningitidis serogroup A, C, W, and Y only vaccine product","Meningococcal ACWY unconjugated vaccine, unspecified"
SNOMED-CT-871875004,VAC0601,"Bordetella pertussis and Clostridium tetani and Corynebacterium diphtheriae antigens only vaccine product","DPT Diphtheria-Pertussis-Tetanus vaccine, unspecified"
SNOMED-CT-871876003,VAC0797,"Acellular Bordetella pertussis and Clostridium tetani and Corynebacterium diphtheriae antigens only vaccine product","Diph-T-aP/ap, unspecified"
SNOMED-CT-871878002,VAC0138,"Bordetella pertussis and Clostridium tetani and Corynebacterium diphtheriae and Human poliovirus antigens only vaccine product","Diphtheria-Tetanus-Pertussis-Polio vaccine, unspecified"
SNOMED-CT-871883005,VAC0551,"Acellular Bordetella pertussis and Clostridium tetani and Corynebacterium diphtheriae and Human poliovirus antigens only pediatric vaccine product","DTaPIPV vaccine, standard dose, unspecified"
SNOMED-CT-871886002,VAC0599,"Bordetella pertussis and Clostridium tetani and Corynebacterium diphtheriae and Haemophilus influenzae type b and Hepatitis B virus antigens only vaccine product","DTPerHibHepB pentavalent vaccine, unspecified"
SNOMED-CT-871887006,VAC0880,"Bordetella pertussis and Clostridium tetani and Corynebacterium diphtheriae and Haemophilus influenzae type b and Human poliovirus antigens only vaccine product","Diphtheria (standard dose), tetanus, pertussis, Haemophilus influenzae type b (conjugated) and inactivated polio (trivalent) pentavalent DTPerHibIPV vaccine, adsorbed, pediatric"
SNOMED-CT-871888001,VAC0506,"Acellular Bordetella pertussis and Clostridium tetani and Corynebacterium diphtheriae and Haemophilus influenzae type b and inactivated Human poliovirus antigens only vaccine product","Pentavalent DTaPHibIPV vaccine, unspecified"
SNOMED-CT-871889009,#MISS,"Acellular Bordetella pertussis and Corynebacterium diphtheriae and Hepatitis B virus and inactivated whole Human poliovirus antigens only vaccine product",
SNOMED-CT-871890000,#MISS,"Clostridium tetani and Corynebacterium diphtheriae and Haemophilus influenzae type b and Human poliovirus antigens only vaccine product",
SNOMED-CT-871891001,VAC0792,"Acellular Bordetella pertussis and Clostridium tetani and Corynebacterium diphtheriae and Hepatitis B and inactivated whole Human poliovirus antigens only vaccine product","Diphtheria-Tetanus-Pertussis-Polio-Hepatitis B pentavalent vaccine, unspecified"
SNOMED-CT-871893003,#MISS,"Acellular Bordetella pertussis and Clostridium tetani and Corynebacterium diphtheriae and inactivated Human poliovirus antigens only vaccine product",
SNOMED-CT-871894009,VAC0585,"Acellular Bordetella pertussis and Clostridium tetani and low dose Corynebacterium diphtheriae and inactivated Human poliovirus antigens only vaccine product","TdapIPV - Diphtheria-Tetanus-Pertussis-Polio vaccine, low dose, unspecified"
SNOMED-CT-871895005,VAC0791,"Bordetella pertussis and Clostridium tetani and Corynebacterium diphtheriae and Haemophilus influenzae type b and Hepatitis B virus and Human poliovirus antigens only vaccine product","Diphtheria (standard dose), tetanus, pertussis (whole or acellular, unspecified dose), inactivated polio (whole, trivalent), Haemophilus influenzae type b (conjugate, unspecified) and hepatitis B (recombinant) hexavalent DTPerHibPHepB vaccine, pediatric"
SNOMED-CT-871897002,#MISS,"Rocky Mountain spotted fever vaccine",
SNOMED-CT-871908002,VAC0827,"Human alphaherpesvirus 3 and Measles morbillivirus and Mumps orthorubulavirus and Rubella virus antigens only vaccine product","Measles, mumps, rubella and varicella (MMRV) live attenuated vaccine, unspecified"
SNOMED-CT-871911001,VAC1073,"Borrelia burgdorferi antigen only vaccine product","Lyme disease vaccine, unspecified"
SNOMED-CT-871916006,VAC0643,"Neisseria meningitidis serogroup A, C, W, and Y capsular oligosaccharide conjugated antigens only vaccine product","Meningococcal ACWY conjugate vaccine, unspecified"
SNOMED-CT-871918007,VAC0512,"Rickettsia antigen-containing vaccine product","Typhus vaccine, unspecified"
SNOMED-CT-871919004,VAC0159,"Human alphaherpesvirus 3 antigen only vaccine product","Chickenpox vaccine, unspecified"
SNOMED-CT-871921009,#MISS,"Staphylococcus toxoid vaccine",
SNOMED-CT-871925000,VAC1125,"Hepatitis B surface antigen only vaccine product","Hepatitis B vaccine, unspecified"
SNOMED-CT-871928003,#MISS,"Bordetella pertussis and Clostridium tetani and Corynebacterium diphtheriae and Human poliovirus and Measles morbillivirus antigens only vaccine product",
SNOMED-CT-871929006,VAC0790,"Clostridium tetani and Corynebacterium diphtheriae and Hepatitis B virus antigens only vaccine product","Diphtheria, tetanus and hepatitis B (recombinant) vaccine, unspecified"
SNOMED-CT-91000221102,VAC0102,"Inactivated whole Hepatitis A virus antigen only vaccine product","Hepatitis A inactivated vaccine, unspecified"
SNOMED-CT-911000221103,VAC0156,"Human papillomavirus antigen only vaccine product","HPV Vaccine"
SNOMED-CT-921000221108,VAC0945,"Neisseria meningitidis antigen only vaccine product","Meningococcal vaccine serogroup unknown, unspecified"
SNOMED-CT-951000221102,VAC0150,"Neisseria meningitidis serogroup C capsular polysaccharide conjugated antigen only vaccine product","Meningococcal conjugate vaccine C, unspecified"
SNOMED-CT-961000221100,VAC0713,"Salmonella enterica subspecies enterica serovar Typhi antigen only vaccine product","Typhoid polysaccharide vaccine, unspecified"
SNOMED-CT-971000221109,VAC0424,"Live attenuated Salmonella enterica subspecies enterica serovar Typhi antigen only vaccine product in oral dose form","Typhoid live attenuated oral vaccine, unspecified"
SNOMED-CT-981000221107,VAC0157,"Streptococcus pneumoniae antigen only vaccine product","Pneumococcal vaccine, unspecified"
SNOMED-CT-991000221105,VAC0144,"Vibrio cholerae antigen only vaccine product","Cholera vaccine, unspecified"
SNOMED-CT-#108727009,#MISS,"Japanese encephalitis virus vaccine",
SNOMED-CT-#108729007,#MISS,"Varicella vaccine",
SNOMED-CT-#111164008,#MISS,"Poliovirus vaccine",
SNOMED-CT-#1119254000,#MISS,"Streptococcus pneumoniae Danish serotype 1, 3, 4, 5, 6A, 6B, 7F, 9V, 14, 18C, 19A, 19F, and 23F capsular polysaccharide antigens only vaccine product",
SNOMED-CT-#1142178009,#MISS,"SARS-CoV-2 antigen vaccine or SARS-CoV-2 mRNA vaccine",
SNOMED-CT-#116077000,#MISS,"Rotavirus vaccine",
SNOMED-CT-#116083002,#MISS,"Lyme disease vaccine",
SNOMED-CT-#11866009,#MISS,"Plague vaccine",
SNOMED-CT-#123686003,#MISS,"Mixed bacterial vaccine",
SNOMED-CT-#125580002,#MISS,"Whole cell Bordetella pertussis and Clostridium tetani toxoid adsorbed and Corynebacterium diphtheriae toxoid antigens-containing vaccine product",
SNOMED-CT-#125581003,#MISS,"Diphtheria and tetanus toxoids and acellular pertussis",
SNOMED-CT-#125688000,#MISS,"Inactivated poliovirus vaccine",
SNOMED-CT-#125690004,#MISS,"Live poliovirus vaccine",
SNOMED-CT-#125696005,#MISS,"Mixed respiratory vaccine",
SNOMED-CT-#125714002,#MISS,"Pneumococcal 7-valent conjugate vaccine",
SNOMED-CT-#125715001,#MISS,"Rabies vaccine, adsorbed",
SNOMED-CT-#13178004,#MISS,"Rickettsial vaccine",
SNOMED-CT-#135642004,#MISS,"Pneumococcal polysaccharide vaccine",
SNOMED-CT-#135643009,#MISS,"Pneumococcal polysaccharide conjugated vaccine",
SNOMED-CT-#14745005,#MISS,"Hepatitis A virus vaccine",
SNOMED-CT-#147674008,#MISS,"Measles/rubella: [vaccine] or [vaccination]",
SNOMED-CT-#2011000221106,#MISS,"Live attenuated Human poliovirus serotypes 1, 2, and 3 antigens only vaccine product in parenteral dose form",
SNOMED-CT-#255701000,#MISS,"BCG vaccine",
SNOMED-CT-#309543007,#MISS,"Measles/rubella: [vaccine] or [vaccination]",
SNOMED-CT-#311548005,#MISS,"Tet/low dose dipther vaccine (& vaccination)",
SNOMED-CT-#33234009,#MISS,"Smallpox vaccine",
SNOMED-CT-#333521006,#MISS,"Anthrax vaccine",
SNOMED-CT-#333522004,#MISS,"Anthrax vaccine injection solution 0.5mL ampule",
SNOMED-CT-#333536009,#MISS,"Diphtheria vaccine",
SNOMED-CT-#333549004,#MISS,"Adsorbed diphtheria+tetanus vaccine injection suspension 0.5mL prefilled syringe",
SNOMED-CT-#333566002,#MISS,"Hepatitis B vaccine 20micrograms/mL injection suspension 1ml prefilled syringe",
SNOMED-CT-#333568001,#MISS,"Hepatitis B vaccine 10micrograms/mL injection suspension 1mL vial",
SNOMED-CT-#333569009,#MISS,"Hepatitis B vaccine 10micrograms/mL injection suspension 1mL prefilled syringe",
SNOMED-CT-#333573007,#MISS,"Hepatitis B vaccine 40micrograms/mL injection suspension 1ml vial",
SNOMED-CT-#333576004,#MISS,"Influvac sub-unit prefilled syringe 0.5mL",
SNOMED-CT-#333583006,#MISS,"Influenza vaccine Vials 5mL",
SNOMED-CT-#333584000,#MISS,"Influenza vaccine Vials 25mL",
SNOMED-CT-#333596007,#MISS,"Pertussis vaccine ampules 0.5mL",
SNOMED-CT-#333598008,#MISS,"Pneumococcal vaccine",
SNOMED-CT-#333603000,#MISS,"Poliomyelitis inactivated vaccine injection",
SNOMED-CT-#333606008,#MISS,"Rabies vaccine",
SNOMED-CT-#333607004,#MISS,"Rabies inactivated vaccine powder and solvent for injection solution vial",
SNOMED-CT-#333620001,#MISS,"Smallpox vaccine injection solution vial",
SNOMED-CT-#333621002,#MISS,"Tetanus vaccine",
SNOMED-CT-#333641007,#MISS,"Adsorbed tetanus vaccine injection solution prefilled syringe",
SNOMED-CT-#333645003,#MISS,"Typhoid vaccine Vials 1.5mL",
SNOMED-CT-#333651008,#MISS,"Typhus vaccine",
SNOMED-CT-#333652001,#MISS,"Yellow fever live vaccine injection solution vial",
SNOMED-CT-#333661001,#MISS,"Meningitis vaccine",
SNOMED-CT-#333662008,#MISS,"Meningitis vaccine ac injection 1 Dose",
SNOMED-CT-#333668007,#MISS,"Meningococcal C conjugate vaccine injection solution prefilled syringe",
SNOMED-CT-#333669004,#MISS,"Meningococcal C conjugate vaccine powder and solvent for injection solution vial",
SNOMED-CT-#333670003,#MISS,"Meningococcal C conjugate vaccine injection solution vial",
SNOMED-CT-#333680004,#MISS,"Haemophilus influenzae Type b vaccine",
SNOMED-CT-#333691006,#MISS,"Haemophilus influenzae Type b (Hib)/diphtheria/tetanus/pertussis vaccine vial+prefilled syringe",
SNOMED-CT-#333693009,#MISS,"Haemophilus influenzae Type b (Hib)/diphtheria/tetanus/pertussis vaccine prefilled syringe",
SNOMED-CT-#333696001,#MISS,"Haemophilus influenzae Type b (Hib)/diphtheria/tetanus/pertussis vaccine vial",
SNOMED-CT-#333697005,#MISS,"Japanese B encephalitis vaccine",
SNOMED-CT-#333698000,#MISS,"Japanese B encephalitis vaccine powder and solvent for injection solution vial",
SNOMED-CT-#333699008,#MISS,"Tick-borne encephalitis vaccine",
SNOMED-CT-#333700009,#MISS,"Tick-borne encephalitis vaccine injection solution prefilled syringe",
SNOMED-CT-#333702001,#MISS,"Hepatitis A+B vaccine",
SNOMED-CT-#333707007,#MISS,"Hepatitis A+typhoid vaccine",
SNOMED-CT-#333708002,#MISS,"Hepatitis A 1440u//typhoid 25mcg vaccine injection solution 1mL prefilled syringe",
SNOMED-CT-#346402006,#MISS,"Diphtheria single antigen vaccine",
SNOMED-CT-#346524008,#MISS,"Influenza split virion vaccine",
SNOMED-CT-#346525009,#MISS,"Inactivated Influenza surface antigen sub-unit vaccine",
SNOMED-CT-#346639000,#MISS,"Typhoid polysaccharide vaccine",
SNOMED-CT-#346696005,#MISS,"Typhoid live oral vaccine",
SNOMED-CT-#346697001,#MISS,"Typhoid whole cell vaccine",
SNOMED-CT-#34689006,#MISS,"Hepatitis B virus vaccine",
SNOMED-CT-#347647005,#MISS,"Haemophilus influenzae Type b vaccine injection (pdr for recon)+diluent",
SNOMED-CT-#347649008,#MISS,"Measles/mumps/rubella vaccine powder and solvent for injection solution vial",
SNOMED-CT-#347653005,#MISS,"Rubella live vaccine powder and solvent for injection solution vial",
SNOMED-CT-#347659009,#MISS,"Meningococcal polysaccharide vaccine powder and solvent for injection solution vial",
SNOMED-CT-#347664008,#MISS,"Adsorbed tetanus vaccine injection solution ampule",
SNOMED-CT-#347689002,#MISS,"Hepatitis B vaccine (adult) 20micrograms/mL injection solution 1mL vial",
SNOMED-CT-#347690006,#MISS,"Hepatitis B vaccine 10micrograms/0.5mL paediatric injection vial",
SNOMED-CT-#348045000,#MISS,"Hepatitis A vaccine injection suspension prefilled syringe",
SNOMED-CT-#348046004,#MISS,"Influenza (split virion) vaccine injection suspension 0.5mL prefilled syringe",
SNOMED-CT-#348047008,#MISS,"Inactivated Influenza surface antigen sub-unit vaccine prefilled syringe",
SNOMED-CT-#348070000,#MISS,"Typhoid polysaccharide vaccine 25micrograms injection suspension 0.5mL prefilled syringe",
SNOMED-CT-#350327004,#MISS,"Diphtheria + tetanus vaccine",
SNOMED-CT-#3526007,#MISS,"Rabies vaccine, human",
SNOMED-CT-#353375008,#MISS,"Hepatitis B vaccine 10micrograms/1mL injection",
SNOMED-CT-#35736007,#MISS,"Cholera vaccine",
SNOMED-CT-#359068008,#MISS,"Meningococcal C conjugate vaccine",
SNOMED-CT-#359069000,#MISS,"Meningococcal polysaccharide vaccine injection (pdr for recon)+diluent",
SNOMED-CT-#375054005,#MISS,"Tetanus toxoid, adsorbed 20u/mL 0.5mL injection solution ampoule",
SNOMED-CT-#375139001,#MISS,"Hepatitis a vaccine, inactiv 50unt suspension",
SNOMED-CT-#375140004,#MISS,"Hepatitis a vaccine, inactiv 25unt suspension",
SNOMED-CT-#375947002,#MISS,"Influenza virus vaccine 45mg injection",
SNOMED-CT-#375952007,#MISS,"Influenza virus vaccine triv 45mcg/0.5mL injection",
SNOMED-CT-#376108008,#MISS,"Pneumococcal vaccine, polyva 0.5mL injection",
SNOMED-CT-#376208003,#MISS,"Lyme disease vaccine recombi 6mcg/mL injection solution 5mL ampule",
SNOMED-CT-#376564004,#MISS,"Anthrax vaccine, adsorbed 5mL injection",
SNOMED-CT-#376990005,#MISS,"Mumps virus vaccine live 1 dose injection solution 0.5mL vial",
SNOMED-CT-#376994001,#MISS,"Measles virus vaccine, live, 0.5mL/vial injection",
SNOMED-CT-#376997008,#MISS,"Mumps virus vaccine live injection solution 0.5mL vial",
SNOMED-CT-#377013003,#MISS,"Hepatitis a vaccine, inactiv 25unts solution",
SNOMED-CT-#377016006,#MISS,"Hepatitis a vaccine, inactiv 50unts solution",
SNOMED-CT-#377089008,#MISS,"Lyme disease vaccine recombi 60mcg/mL injection solution 0.5mL ampule",
SNOMED-CT-#377358000,#MISS,"Diphtheria toxoid adsorbed + pertussis vaccine, adsorbed + tetanus toxoid, adsorbed ns/ns/ns injection",
SNOMED-CT-#384933000,#MISS,"Diphtheria toxoid adsorbed ns/pertussis adsorbed ns/tetanus toxoid adsorbed ns injection suspension vial",
SNOMED-CT-#386012008,#MISS,"Measles vaccine",
SNOMED-CT-#386013003,#MISS,"Rubella vaccine",
SNOMED-CT-#396412003,#MISS,"Tetanus toxoid",
SNOMED-CT-#396417009,#MISS,"Diphtheria toxoid",
SNOMED-CT-#396419007,#MISS,"BCG vaccine",
SNOMED-CT-#396420001,#MISS,"Anthrax vaccine",
SNOMED-CT-#396422009,#MISS,"Cholera vaccine",
SNOMED-CT-#396423004,#MISS,"Hepatitis A virus vaccine",
SNOMED-CT-#396424005,#MISS,"Hepatitis B virus vaccine",
SNOMED-CT-#396425006,#MISS,"Influenza virus vaccine",
SNOMED-CT-#396426007,#MISS,"Japanese encephalitis virus vaccine",
SNOMED-CT-#396427003,#MISS,"Measles vaccine",
SNOMED-CT-#396428008,#MISS,"Measles live virus vaccine",
SNOMED-CT-#396429000,#MISS,"Measles, mumps and rubella vaccine",
SNOMED-CT-#396430005,#MISS,"Meningococcus vaccine",
SNOMED-CT-#396431009,#MISS,"Mumps vaccine",
SNOMED-CT-#396433007,#MISS,"Pertussis vaccine",
SNOMED-CT-#396435000,#MISS,"Inactivated Poliovirus vaccine",
SNOMED-CT-#396436004,#MISS,"Live Poliovirus vaccine",
SNOMED-CT-#396437008,#MISS,"Rabies vaccine",
SNOMED-CT-#396438003,#MISS,"Rubella vaccine",
SNOMED-CT-#396439006,#MISS,"Smallpox vaccine",
SNOMED-CT-#396441007,#MISS,"Typhoid vaccine",
SNOMED-CT-#396442000,#MISS,"Varicella virus vaccine",
SNOMED-CT-#396444004,#MISS,"Yellow fever vaccine",
SNOMED-CT-#396457007,#MISS,"Diphtheria, acellular pertussis, hepatitis B and inactivated polio vaccine",
SNOMED-CT-#397236006,#MISS,"Lyme disease vaccine",
SNOMED-CT-#398673001,#MISS,"Parainfluenza virus vaccine",
SNOMED-CT-#398730001,#MISS,"Pneumococcal vaccine",
SNOMED-CT-#398756008,#MISS,"Vaccinia virus vaccine",
SNOMED-CT-#398777006,#MISS,"Typhus vaccine",
SNOMED-CT-#398783009,#MISS,"Tick-borne encephalitis vaccine",
SNOMED-CT-#398815003,#MISS,"Rocky Mountain spotted fever vaccine",
SNOMED-CT-#398824007,#MISS,"Rickettsial vaccine",
SNOMED-CT-#398866008,#MISS,"Rotavirus vaccine",
SNOMED-CT-#398901001,#MISS,"Diphtheria vaccine",
SNOMED-CT-#400287005,#MISS,"Polyvalent pneumococcal vaccine injection solution 0.5mL syringe",
SNOMED-CT-#400449000,#MISS,"Measles virus vaccine, live, 0.5mL/vial powder for injection",
SNOMED-CT-#400563009,#MISS,"Anthrax vaccine, adsorbed injection solution 5mL vial",
SNOMED-CT-#400564003,#MISS,"Influenza virus vaccine trivalent 45mcg/0.5mL injection solution 5mL vial",
SNOMED-CT-#400788004,#MISS,"Influenza virus vaccine triv 45mcg/0.5mL injection solution 0.5mL syringe",
SNOMED-CT-#404772006,#MISS,"Influenza vaccine Vials 5mL",
SNOMED-CT-#404773001,#MISS,"Influenza vaccine Vials 25mL",
SNOMED-CT-#404774007,#MISS,"Pertussis vaccine ampules 0.5mL",
SNOMED-CT-#404775008,#MISS,"Typhoid vaccine Vials 1.5mL",
SNOMED-CT-#404776009,#MISS,"Meningitis vaccine ac injection 1 Dose",
SNOMED-CT-#406324009,#MISS,"Hepatitis A vaccine injection suspension 0.5 mL prefilled syringe",
SNOMED-CT-#406325005,#MISS,"Hepatitis A vaccine injection suspension 1 mL prefilled syringe",
SNOMED-CT-#407737004,#MISS,"Varicella-zoster vaccine",
SNOMED-CT-#407746005,#MISS,"Varicella-zoster live attenuated vaccine",
SNOMED-CT-#407933006,#MISS,"Varicella-zoster live attenuated vaccine injection (pdr for recon)+solvent",
SNOMED-CT-#408752008,#MISS,"Inactivated influenza split virion vaccine",
SNOMED-CT-#408753003,#MISS,"Inactivated influenza surface antigen vaccine",
SNOMED-CT-#409152009,#MISS,"Dried smallpox vaccine, calf lymph type 1 vial + diluent 0.25mL syringe",
SNOMED-CT-#409269001,#MISS,"Intranasal influenza live virus vaccine",
SNOMED-CT-#409579003,#MISS,"Inactivated whole-cell/recombinant-B-subunit cholera vaccine",
SNOMED-CT-#409580000,#MISS,"CVD 103-HgR live attenuated oral cholera vaccine",
SNOMED-CT-#411563007,#MISS,"Tetanus toxoid extract",
SNOMED-CT-#412288000,#MISS,"Human rabies vaccine",
SNOMED-CT-#412300006,#MISS,"Rubella and mumps vaccine",
SNOMED-CT-#412314006,#MISS,"Tetanus toxoid fluid",
SNOMED-CT-#412315007,#MISS,"Tetanus and diphtheria toxoid",
SNOMED-CT-#412324003,#MISS,"Typhoid VI polysaccharide vaccine",
SNOMED-CT-#412373007,#MISS,"Diphtheria + pertussis + tetanus + Haemophilus influenzae type b vaccine",
SNOMED-CT-#412374001,#MISS,"Haemophilus influenzae type b vaccine",
SNOMED-CT-#412375000,#MISS,"Tetanus vaccine",
SNOMED-CT-#412402004,#MISS,"Hepatitis B virus recombinant vaccine",
SNOMED-CT-#412403009,#MISS,"Hepatitis B virus recombinant vaccine",
SNOMED-CT-#412477009,#MISS,"Plague vaccine",
SNOMED-CT-#412529007,#MISS,"Varicella virus live vaccine",
SNOMED-CT-#412530002,#MISS,"Varicella virus live vaccine",
SNOMED-CT-#412606007,#MISS,"Typhoid polysaccharide vaccine",
SNOMED-CT-#412607003,#MISS,"Typhoid VI polysaccharide vaccine",
SNOMED-CT-#414002009,#MISS,"Diphtheria + tetanus + inactivated poliovirus vaccine",
SNOMED-CT-#414003004,#MISS,"Diphtheria + tetanus + pertussis + inactivated poliovirus vaccine",
SNOMED-CT-#414004005,#MISS,"Diphtheria + tetanus + pertussis + poliomyelitis + haemophilus influenzae b vaccine",
SNOMED-CT-#414005006,#MISS,"Diphtheria + tetanus + pertussis + poliomyelitis vaccine",
SNOMED-CT-#414006007,#MISS,"Diphtheria + tetanus + poliomyelitis vaccine",
SNOMED-CT-#415129008,#MISS,"Poliovirus vaccine",
SNOMED-CT-#417011002,#MISS,"Pneumococcal polysaccharide vaccine",
SNOMED-CT-#418163009,#MISS,"Influenza vaccine",
SNOMED-CT-#418310008,#MISS,"Viral vaccine",
SNOMED-CT-#418478006,#MISS,"Typhoid whole cell vaccine",
SNOMED-CT-#418707004,#MISS,"Inactivated Influenza surface antigen virosome vaccine prefilled syringe",
SNOMED-CT-#418773001,#MISS,"Diphtheria single antigen vaccine",
SNOMED-CT-#419013009,#MISS,"Meningococcal polysaccharide vaccine",
SNOMED-CT-#419456007,#MISS,"Influenza surface antigen vaccine",
SNOMED-CT-#419550004,#MISS,"Measles + mumps + rubella + varicella vaccine",
SNOMED-CT-#419562000,#MISS,"Inactivated Influenza surface antigen virosome vaccine",
SNOMED-CT-#419771007,#MISS,"Measles/mumps/rubella/varicella vaccine powder and solvent for injection solution vial",
SNOMED-CT-#419780007,#MISS,"Bacterial vaccine",
SNOMED-CT-#419826009,#MISS,"Influenza split virion vaccine",
SNOMED-CT-#420261000,#MISS,"Meningococcal groups A+C+W135+Y vaccine",
SNOMED-CT-#420538001,#MISS,"Tuberculosis vaccine",
SNOMED-CT-#420930003,#MISS,"Staphylococcus toxoid vaccine",
SNOMED-CT-#421245007,#MISS,"Diphtheria + pertussis + tetanus vaccine",
SNOMED-CT-#421281005,#MISS,"Meningococcal A+C vaccine",
SNOMED-CT-#422069000,#MISS,"Meningococcal group C vaccine",
SNOMED-CT-#423531006,#MISS,"Meningococcus vaccine",
SNOMED-CT-#423907008,#MISS,"Tuberculosis vaccine",
SNOMED-CT-#423912009,#MISS,"Haemophilus influenzae type b + Meningococcal group C vaccine",
SNOMED-CT-#423929007,#MISS,"Human papillomavirus vaccine",
SNOMED-CT-#424311003,#MISS,"Influenza vaccine",
SNOMED-CT-#424519000,#MISS,"Human papillomavirus vaccine",
SNOMED-CT-#424891007,#MISS,"Meningococcus vaccine",
SNOMED-CT-#425555004,#MISS,"Haemophilus influenzae Type b + tetanus vaccine",
SNOMED-CT-#425638005,#MISS,"Recombinant hepatitis B virus surface antigen 10micrograms/diphtheria toxoid 30 iu/tetanus toxoid 40 iu/acellular pertussis 25micrograms injection solution 0.5mL prefilled syringe",
SNOMED-CT-#426081003,#MISS,"Diphtheria + tetanus + pertussis + recombinant hepatitis B virus vaccine",
SNOMED-CT-#426130006,#MISS,"Haemophilus b polysaccharide 10micrograms/tetanus toxoid 30micrograms powder for injection solution vial + diluent",
SNOMED-CT-#426361005,#MISS,"Diphtheria toxoid 30 iu/tetanus toxoid 40 iu/acellular pertussis 25micrograms/recombinant hepatitis B virus surface antigen 10micrograms/inactivated poliomyelitis injection solution 0.5mL prefilled syringe",
SNOMED-CT-#426842004,#MISS,"Diphtheria + tetanus + pertussis + poliomyelitis + recombinant hepatitis B virus + recombinant haemophilus influenzae type B vaccine",
SNOMED-CT-#426849008,#MISS,"Influenza virus H5N1 vaccine",
SNOMED-CT-#426971004,#MISS,"Haemophilus influenzae Type b + recombinant hepatitis B virus vaccine",
SNOMED-CT-#427036009,#MISS,"Influenza virus H5N1 vaccine",
SNOMED-CT-#427048007,#MISS,"Haemophilus influenzae type b 10micrograms/diphtheria toxoid 30 iu/tetanus toxoid 40 iu/pertussis 25micrograms/recombinant hepatitis B virus surface antigen 10micrograms/inactivated poliomyelitis injection solution 0.5mL prefilled syringe",
SNOMED-CT-#427077008,#MISS,"Influenza virus H5N1 vaccine injection solution 5mL multi-dose vial",
SNOMED-CT-#427514003,#MISS,"Haemophilus influenzae type b 7.5micrograms/recombinant hepatitis B virus surface antigen 5micrograms injection solution 0.5mL vial",
SNOMED-CT-#427533008,#MISS,"Q fever vaccine",
SNOMED-CT-#427542001,#MISS,"Diphtheria + tetanus + pertussis + poliomyelitis + recombinant hepatitis B virus vaccine",
SNOMED-CT-#427674002,#MISS,"Q fever vaccine",
SNOMED-CT-#427682002,#MISS,"Diphtheria toxoid 30 iu/tetanus toxoid 40 iu/acellular pertussis toxoid 25micrograms injection solution 0.5mL prefilled syringe",
SNOMED-CT-#427806004,#MISS,"Diphtheria + tetanus + haemophilus influenzae type b vaccine",
SNOMED-CT-#428126001,#MISS,"Diphtheria vaccine",
SNOMED-CT-#428214002,#MISS,"Diphtheria vaccine",
SNOMED-CT-#428601009,#MISS,"Paratyphoid vaccine",
SNOMED-CT-#428688001,#MISS,"Live smallpox vaccine powder 3mL vial + diluent",
SNOMED-CT-#430410002,#MISS,"Influenza virus vaccine-containing product in nasal dose form",
SNOMED-CT-#430875008,#MISS,"Rotavirus live vaccine powder for 1mL oral suspension + diluent",
SNOMED-CT-#439796003,#MISS,"Live adenovirus type 4 vaccine",
SNOMED-CT-#439977005,#MISS,"Live adenovirus type 7 vaccine",
SNOMED-CT-#440075005,#MISS,"Live measles + rubella vaccine injection dose form",
SNOMED-CT-#442315004,#MISS,"Influenza A virus subtype H1N1 vaccine",
SNOMED-CT-#443161002,#MISS,"Influenza A virus subtype H1N1 monovalent vaccine 0.5mL injection solution",
SNOMED-CT-#443651005,#MISS,"Influenza A virus subtype H1N1 vaccine",
SNOMED-CT-#448897007,#MISS,"Inactivated Influenza split virion subtype H1N1v-like strain adjuvant vaccine",
SNOMED-CT-#448964007,#MISS,"Pneumococcal 13-valent conjugate vaccine",
SNOMED-CT-#449019003,#MISS,"Acellular pertussis vaccine",
SNOMED-CT-#449240007,#MISS,"Diphtheria + acellular pertussis adsorbed + inactivated polio + tetanus toxoids vaccine",
SNOMED-CT-#451022006,#MISS,"Inactivated Influenza split virion subtype H1N1v-like strain unadjuvanted vaccine",
SNOMED-CT-#45355008,#MISS,"Rocky Mountain spotted fever vaccine",
SNOMED-CT-#46233009,#MISS,"Influenza vaccine",
SNOMED-CT-#4644001,#MISS,"Diphtheria toxoid",
SNOMED-CT-#48028008,#MISS,"Haemophilus b polysaccharide conjugate (diphtheria toxoid conjugate) vaccine",
SNOMED-CT-#52628005,#MISS,"Typhoid-paratyphoid vaccine",
SNOMED-CT-#54667003,#MISS,"Diphtheria and tetanus toxoids with pertussis, combined vaccine",
SNOMED-CT-#5524008,#MISS,"Rubella live virus vaccine",
SNOMED-CT-#56844000,#MISS,"Yellow fever vaccine",
SNOMED-CT-#58098008,#MISS,"Clostridium tetani toxoid antigen adsorbed-containing vaccine product",
SNOMED-CT-#59999009,#MISS,"Tetanus and diphtheria toxoid adsorbed for adult use",
SNOMED-CT-#61153008,#MISS,"Measles + Mumps + Rubella vaccine",
SNOMED-CT-#61602008,#MISS,"Pertussis vaccine",
SNOMED-CT-#64296005,#MISS,"Staphylococcus toxoid vaccine-containing product",
SNOMED-CT-#669007,#MISS,"Vaccinia virus vaccine",
SNOMED-CT-#669471000168107,#MISS,"Japanese encephalitis virus live vaccine",
SNOMED-CT-#68113000,#MISS,"Haemophilus b oligosaccharide conjugate(diphtheria CRM>197< protein conjugate) vaccine",
SNOMED-CT-#68208009,#MISS,"Clostridium tetani toxoid adsorbed and Corynebacterium diphtheriae toxoid antigens-containing vaccine product",
SNOMED-CT-#69728004,#MISS,"Meningococcus vaccine",
SNOMED-CT-#698026000,#MISS,"Haemophilus influenzae b (Ross strain) capsular polysaccharide Meningococcal Protein Conjugate Vaccine/Hepatitis B Surface Antigen Vaccine",
SNOMED-CT-#70447008,#MISS,"Polyvalent pneumococcal vaccine",
SNOMED-CT-#716074004,#MISS,"Diphtheria toxoid adsorbed",
SNOMED-CT-#716075003,#MISS,"Tetanus toxoid adsorbed",
SNOMED-CT-#720783006,#MISS,"Meningococcus group B vaccine",
SNOMED-CT-#722218000,#MISS,"Human papilloma virus type 4 vaccine",
SNOMED-CT-#722219008,#MISS,"Human papilloma virus type 16 and type 18 vaccine",
SNOMED-CT-#724330005,#MISS,"Human papilloma virus type 9 vaccine",
SNOMED-CT-#734151005,#MISS,"Human papillomavirus type 6, 11, 16, and 18 vaccine",
SNOMED-CT-#73688000,#MISS,"Measles and German measles virus vaccine (live)",
SNOMED-CT-#764302009,#MISS,"Japanese encephalitis virus vaccine adsorbed",
SNOMED-CT-#764303004,#MISS,"Live typhoid vaccine",
SNOMED-CT-#764304005,#MISS,"Live Zoster virus vaccine",
SNOMED-CT-#766203003,#MISS,"Haemophilus b polysaccharide 10micrograms/tetanus toxoid 30micrograms powder for conventional release solution for injection vial",
SNOMED-CT-#766567004,#MISS,"Rotavirus live vaccine powder for conventional release oral suspension 1mL",
SNOMED-CT-#76685007,#MISS,"BCG vaccine",
SNOMED-CT-#768365004,#MISS,"Meningococcus group A vaccine",
SNOMED-CT-#768366003,#MISS,"Meningococcus group C vaccine",
SNOMED-CT-#768367007,#MISS,"Meningococcus group Y vaccine",
SNOMED-CT-#769801006,#MISS,"Hepatitis B surface antigen 20 microgram/mL suspension for injection vial",
SNOMED-CT-#769802004,#MISS,"Hepatitis B surface antigen 10 microgram/0.5 mL suspension for injection vial",
SNOMED-CT-#769803009,#MISS,"Hepatitis B surface antigen 20 microgram/mL suspension for injection syringe",
SNOMED-CT-#772495003,#MISS,"Hepatitis B virus surface antigen-containing product in parenteral dose form",
SNOMED-CT-#772947002,#MISS,"Hepatitis B virus surface antigen-containing product",
SNOMED-CT-#774388009,#MISS,"Staphylococcus toxoid vaccine only product",
SNOMED-CT-#776183008,#MISS,"Hepatitis B virus surface antigen only product",
SNOMED-CT-#779443005,#MISS,"Hepatitis B virus surface antigen only product in parenteral dose form",
SNOMED-CT-#781925007,#MISS,"Hepatitis B virus surface antigen 20 microgram/mL suspension for injection",
SNOMED-CT-#785864002,#MISS,"Meningococcal group B vaccine",
SNOMED-CT-#785865001,#MISS,"Measles and mumps vaccine",
SNOMED-CT-#788112005,#MISS,"Viral vaccine-containing product",
SNOMED-CT-#788113000,#MISS,"Bacterial vaccine-containing product",
SNOMED-CT-#836376002,#MISS,"Mumps orthorubulavirus and Rubella virus antigens-containing vaccine product",
SNOMED-CT-#836493003,#MISS,"Hepatitis A and Hepatitis B virus antigens-containing vaccine product",
SNOMED-CT-#836494009,#MISS,"Measles morbillivirus and Mumps orthorubulavirus and Rubella virus antigens-containing product",
SNOMED-CT-#836499004,#MISS,"Measles morbillivirus and Mumps orthorubulavirus antigens-containing product",
SNOMED-CT-#836501007,#MISS,"Hepatitis A virus and Salmonella enterica subspecies enterica serovar Typhi antigens-containing vaccine product",
SNOMED-CT-#836502000,#MISS,"Clostridium tetani and Corynebacterium diphtheriae antigens-containing vaccine product",
SNOMED-CT-#836503005,#MISS,"Bordetella pertussis and Clostridium tetani and Corynebacterium diphtheriae antigens-containing vaccine product",
SNOMED-CT-#836504004,#MISS,"Clostridium tetani and Haemophilus influenzae type B antigens-containing vaccine product",
SNOMED-CT-#836505003,#MISS,"Clostridium tetani and Corynebacterium diphtheriae and Human poliovirus antigens-containing vaccine product",
SNOMED-CT-#836506002,#MISS,"Clostridium tetani and Corynebacterium diphtheriae and Haemophilus influenzae type B antigens-containing vaccine product",
SNOMED-CT-#836507006,#MISS,"Bordetella pertussis and Clostridium tetani and Corynebacterium diphtheriae and Haemophilus influenzae type B antigens-containing vaccine product",
SNOMED-CT-#836508001,#MISS,"Bordetella pertussis and Clostridium tetani and Corynebacterium diphtheriae and Human poliovirus antigens-containing vaccine product",
SNOMED-CT-#838279002,#MISS,"Bordetella pertussis and Clostridium tetani and Corynebacterium diphtheriae and Haemophilus influenzae type B and Human poliovirus antigens-containing vaccine product",
SNOMED-CT-#838280004,#MISS,"Human alphaherpesvirus 3 and Measles morbillivirus and Mumps orthorubulavirus and Rubella virus antigens-containing vaccine product",
SNOMED-CT-#865906006,#MISS,"Measles morbillivirus and Rubella virus antigens-containing vaccine product",
SNOMED-CT-#865907002,#MISS,"Clostridium tetani and Human poliovirus antigens-containing vaccine product",
SNOMED-CT-#865946000,#MISS,"Haemophilus influenzae type B and Hepatitis B virus antigens-containing vaccine product",
SNOMED-CT-#865970001,#MISS,"Bordetella pertussis and Clostridium tetani and Corynebacterium diphtheriae and Haemophilus influenzae type B and Hepatitis B virus antigens-containing vaccine product",
SNOMED-CT-#871767000,#MISS,"Human papillomavirus 9 antigen only vaccine product",
SNOMED-CT-#871892008,#MISS,"Bordetella pertussis and Clostridium tetani and Corynebacterium diphtheriae and Hepatitis B and Human poliovirus antigens-containing vaccine product",
SNOMED-CT-#871896006,#MISS,"Bordetella pertussis and Clostridium tetani and Corynebacterium diphtheriae and Haemophilus influenzae type B and Hepatitis B virus and Human poliovirus antigens-containing vaccine product",
SNOMED-CT-#871917002,#MISS,"Bordetella pertussis and Clostridium tetani and Corynebacterium diphtheriae and Hepatitis B antigens-containing vaccine product",
SNOMED-CT-#871923007,#MISS,"Bordetella pertussis and Clostridium tetani toxoid and Corynebacterium diphtheriae toxoid and Haemophilus influenzae type B and Hepatitis B virus and Human poliovirus antigens-containing vaccine product",
SNOMED-CT-#87939007,#MISS,"Measles live virus vaccine",
SNOMED-CT-#89428009,#MISS,"Typhoid vaccine",
SNOMED-CT-#90043005,#MISS,"Mumps live virus vaccine",
