SWISSLEGACY,NUVA,SWISSLEGACY label, NUVA label
SWISSLEGACY-169,VAC0133,"","Smallpox vaccine, unspecified"
SWISSLEGACY-14,VAC0626,"","MoRu Viraten"
SWISSLEGACY-121,VAC0360,"","RIMPARIX"
SWISSLEGACY-91,VAC0228,"","ERVEVAX RA 27/3"
SWISSLEGACY-82,VAC0964,"","ANATOXAL DI"
SWISSLEGACY-81,VAC0962,"","ANATOXAL DI TE N ADULT"
SWISSLEGACY-151,VAC0964,"","ANATOXAL DI"
SWISSLEGACY-120,VAC0627,"","MORUMAN"
SWISSLEGACY-126,VAC1449,"","DITANRIX-PEDIATRIC"
SWISSLEGACY-25,VAC0451,"","VIVOTIF"
SWISSLEGACY-97,VAC0311,"","MUMATEN BERNA PRODUCTSNA"
SWISSLEGACY-100,VAC0324,"","Pneumococcal conjugate vaccine, 7 valent, unspecified"
SWISSLEGACY-111,VAC0364,"","RUBEATEN BERNA PRODUCTS"
SWISSLEGACY-53,VAC0011,"","HBVAXPRO 5 µg"
SWISSLEGACY-23,VAC0416,"","Triviraten"
SWISSLEGACY-163,VAC0128,"","HB VAX DNA 10 µg"
SWISSLEGACY-164,VAC0129,"","HB VAX DNA 40 µg"
SWISSLEGACY-93,VAC0877,"","INFANRIX HEPB"
SWISSLEGACY-127,VAC0622,"","EOLARIX"
SWISSLEGACY-115,VAC0067,"","HAVRIX 360 U"
SWISSLEGACY-75,VAC0335,"","PLUSERIX"
SWISSLEGACY-134,VAC0216,"","ANATOXAL DI TE"
SWISSLEGACY-88,VAC0201,"","BIVIRATEN BERNA"
SWISSLEGACY-101,VAC0373,"","SALK"
SWISSLEGACY-155,VAC0963,"","ANATOXAL DI TE PER"
SWISSLEGACY-144,VAC0133,"","Smallpox vaccine, unspecified"
SWISSLEGACY-78,VAC0001,"","ACT-HIB"
SWISSLEGACY-165,VAC0050,"","HAVRIX 720 U/0,5 mL"
SWISSLEGACY-122,VAC1491,"","RUBEVAC"
SWISSLEGACY-112,VAC0033,"","RUDIVAX"
SWISSLEGACY-94,VAC0969,"","LYSSAVAC N BERNA"
SWISSLEGACY-98,VAC0326,"","PEDVAXHIB"
SWISSLEGACY-138,VAC1495,"","POLIO KOPROWSKI K1-K2-K3"
SWISSLEGACY-96,VAC0624,"","M-M-Vax"
SWISSLEGACY-35,VAC0051,"","INFANRIXTETRA"
SWISSLEGACY-166,VAC0264,"","INFANRIX"
SWISSLEGACY-123,VAC0489,"","TRIMOVAX"
SWISSLEGACY-117,VAC1490,"","ALMEVAX"
SWISSLEGACY-142,VAC0343,"","PROHIBIT"
SWISSLEGACY-48,VAC0134,"","BCG vaccine, unspecified"
SWISSLEGACY-118,VAC0126,"","HEVAC B"
SWISSLEGACY-172,VAC0471,"","HEPAVAX-GENE B 20 µg"
SWISSLEGACY-133,VAC0343,"","PROHIBIT"
SWISSLEGACY-154,VAC0216,"","ANATOXAL DI TE"
SWISSLEGACY-17,VAC1492,"","POLYOMYELITIS IMPFSTOFF BERNA"
SWISSLEGACY-137,VAC0109,"","FOCETRIA (unidose)"
SWISSLEGACY-168,VAC0987,"","TANRIX"
SWISSLEGACY-16,VAC1094,"","OROCHOL"
SWISSLEGACY-92,VAC0247,"","HIBTITER"
SWISSLEGACY-110,VAC0166,"","VAQTA 50 U"
SWISSLEGACY-128,VAC0575,"","FSME-IMMUN"
SWISSLEGACY-47,VAC0192,"","ATTENUVAX"
SWISSLEGACY-80,VAC0962,"","ANATOXAL DI TE N ADULT"
SWISSLEGACY-84,VAC0961,"","ANATOXAL TE N"
SWISSLEGACY-170,VAC0046,"","ENGERIX B 20 µg"
SWISSLEGACY-106,VAC0063,"","TETRACOQ"
SWISSLEGACY-55,VAC0052,"","VACCIN MENINGOCOCCIQUE A+C"
SWISSLEGACY-95,VAC0052,"","VACCIN MENINGOCOCCIQUE A+C"
SWISSLEGACY-73,VAC0578,"","INFANRIX-HIB"
SWISSLEGACY-139,VAC1495,"","POLIO KOPROWSKI K1-K2-K3"
SWISSLEGACY-148,VAC1496,"","POLIO LILLY"
SWISSLEGACY-56,VAC0298,"","MERUVAX"
SWISSLEGACY-86,VAC0191,"","ARILVAX"
SWISSLEGACY-79,VAC0963,"","ANATOXAL DI TE PER"
SWISSLEGACY-76,VAC0178,"","ACEL-IMUNE"
SWISSLEGACY-136,VAC1489,"","CELTURA"
SWISSLEGACY-102,VAC0371,"","SABIN"
SWISSLEGACY-87,VAC0080,"","BCG PASTEUR"
SWISSLEGACY-103,VAC0887,"","POLIORAL"
SWISSLEGACY-99,VAC0064,"","PENTACOQ"
SWISSLEGACY-119,VAC0301,"","MMR"
SWISSLEGACY-162,VAC0127,"","HB VAX DNA 5 µg"
SWISSLEGACY-107,VAC0391,"","TETRAMUNE"
SWISSLEGACY-39,VAC0525,"","INFANRIX PENTA"
SWISSLEGACY-141,VAC0108,"","PANDEMRIX"
SWISSLEGACY-77,VAC1493,"","ACEL P"
SWISSLEGACY-83,VAC0383,"","ANATOXAL TE"
SWISSLEGACY-74,VAC0058,"","TWINRIX 10 µg"
SWISSLEGACY-143,VAC0424,"","Typhoid live attenuated oral vaccine, unspecified"
SWISSLEGACY-147,VAC1495,"","POLIO KOPROWSKI K1-K2-K3"
