SWISSMEDIC,NUVA,SWISSMEDIC label, NUVA label
SWISSMEDIC-69047,VAC1021,"","COMIRNATY ORIGINAL/OMICRON BA.1 (15/15 µg) BIONTECH-PFIZER"
SWISSMEDIC-68358,VAC0586,"","Ervebo"
SWISSMEDIC-66940,VAC0535,"","VAXELIS"
SWISSMEDIC-70144,VAC0926,"","FLUCELVAX"
SWISSMEDIC-689,VAC0961,"","ANATOXAL TE N"
SWISSMEDIC-69691,VAC1047,"","ABRYSVO"
SWISSMEDIC-59147,VAC0073,"","IXIARO"
SWISSMEDIC-59267,VAC0002,"","AGRIPPAL"
SWISSMEDIC-711,VAC0963,"","ANATOXAL DI TE PER"
SWISSMEDIC-247,VAC0315,"","MUMPSVAX"
SWISSMEDIC-66161,VAC0475,"","FOCLIVIA"
SWISSMEDIC-599,VAC0050,"","HAVRIX 720 U/0,5 mL"
SWISSMEDIC-709,VAC0161,"","ZOSTAVAX"
SWISSMEDIC-663,VAC0009,"","HBVAXPRO 10 µg"
SWISSMEDIC-636,VAC0051,"","INFANRIXTETRA"
SWISSMEDIC-654,VAC0019,"","MENINGITEC"
SWISSMEDIC-66037,VAC0534,"","MENJUGATE 10 µg"
SWISSMEDIC-69211,VAC1036,"","SPIKEVAX BIVALENT ORIGINAL/OMICRON BA.4-5 25 µg/25 µg MODERNA"
SWISSMEDIC-69863-01,VAC1347,"","EFLUELDA"
SWISSMEDIC-68710-02,VAC0833,"","COMIRNATY 10 µg  BIONTECH-PFIZER"
SWISSMEDIC-67987,VAC0567,"","SHINGRIX"
SWISSMEDIC-572,VAC0227,"","EPAXAL"
SWISSMEDIC-60150,VAC0514,"","ROTARIX"
SWISSMEDIC-68752,VAC0780,"","VAXNEUVANCE"
SWISSMEDIC-681,VAC0568,"","BOOSTRIX-POLIO"
SWISSMEDIC-533,VAC0625,"","MORATEN"
SWISSMEDIC-68225,VAC0658,"","COMIRNATY 30 µg BIONTECH-PFIZER"
SWISSMEDIC-613,VAC0023,"","PENTAVAC"
SWISSMEDIC-555,VAC1094,"","OROCHOL"
SWISSMEDIC-66156,VAC0475,"","FOCLIVIA"
SWISSMEDIC-69127,VAC1023,"","COMIRNATY ORIGINAL/OMICRON BA.4-5 (15/15 µg) BIONTECH-PFIZER"
SWISSMEDIC-509,VAC0336,"","PNEUMOVAX"
SWISSMEDIC-69815,VAC1053,"","COMIRNATY OMICRON XBB.1.5 3 µg"
SWISSMEDIC-69310,VAC1040,"","AREXVY"
SWISSMEDIC-69189,VAC1036,"","SPIKEVAX BIVALENT ORIGINAL/OMICRON BA.4-5 25 µg/25 µg MODERNA"
SWISSMEDIC-583,VAC0047,"","FLUARIX"
SWISSMEDIC-68003,VAC0871,"","SUPEMTEK TETRA"
SWISSMEDIC-660,VAC0016,"","INFLUVAC 0,5 mL"
SWISSMEDIC-690,VAC0962,"","ANATOXAL DI TE N ADULT"
SWISSMEDIC-58506,VAC0114,"","Measles live attenuated vaccine, unspecified"
SWISSMEDIC-373,VAC0021,"","MUTAGRIP"
SWISSMEDIC-646,VAC0030,"","REVAXIS"
SWISSMEDIC-656,VAC0850,"","NEISVAC-C"
SWISSMEDIC-544,VAC0244,"","HEPRECOMB"
SWISSMEDIC-696,VAC0042,"","VACCIN BCG SSI"
SWISSMEDIC-643,VAC1487,"","PREVENAR-7"
SWISSMEDIC-683,VAC0774,"","FSME-IMMUN 0,25 mL"
SWISSMEDIC-69488,VAC1051,"","COMIRNATY OMICRON XBB.1.5 30 µg"
SWISSMEDIC-268,VAC0286,"","M-M-R II"
SWISSMEDIC-467,VAC0451,"","VIVOTIF"
SWISSMEDIC-70205,VAC1500,"","COMIRNATY LP.8.1 50 µg"
SWISSMEDIC-68317,VAC0182,"","ADACEL"
SWISSMEDIC-69781,VAC1254,"","CAPVAXIVE"
SWISSMEDIC-704,VAC0005,"","DUKORAL"
SWISSMEDIC-69912-02,VAC1259,"","COMIRNATY JN.1 10 µg CHILDREN (5-11 YEARS)"
SWISSMEDIC-520,VAC0035,"","STAMARIL"
SWISSMEDIC-69995-01,VAC1262,"","MRESVIA"
SWISSMEDIC-62961,VAC0517,"","FLUARIXTETRA"
SWISSMEDIC-69222,VAC0900,"","PREVENAR 20 (previously APEXXNAR)"
SWISSMEDIC-66427,VAC0560,"","VAXIGRIPTETRA"
SWISSMEDIC-69484,VAC1058,"","SPIKEVAX XBB.1.5 0.1 mg/mL dose 50 µg MODERNA"
SWISSMEDIC-68110,VAC0639,"","ADACEL POLIO"
SWISSMEDIC-483,VAC0359,"","RIMEVAX"
SWISSMEDIC-585,VAC0060,"","VARILRIX"
SWISSMEDIC-644,VAC0098,"","HEXAVAC"
SWISSMEDIC-65387,VAC0523,"","GARDASIL 9"
SWISSMEDIC-652,VAC0018,"","MENCEVAX"
SWISSMEDIC-603,VAC0570,"","HIBERIX"
SWISSMEDIC-69992,VAC0016,"","INFLUVAC 0,5 mL"
SWISSMEDIC-70403,VAC1466,"","COMIRNATY LP.8.1 30 µg"
SWISSMEDIC-567,VAC0731,"","DITANRIX"
SWISSMEDIC-69123,VAC1032,"","SPIKEVAX BIVALENT ORIGINAL/OMICRON BA.1 (25 µg/25 µg) MODERNA"
SWISSMEDIC-637,VAC0541,"","BOOSTRIX"
SWISSMEDIC-703,VAC0017,"","M-M-RVAXPRO"
SWISSMEDIC-69913,VAC1260,"","COMIRNATY JN.1 3 µg CHILDREN (6 MONTHS-4 YEARS)"
SWISSMEDIC-69010,VAC1031,"","SPIKEVAX 50 µg MONODOSE MODERNA"
SWISSMEDIC-485,VAC0016,"","INFLUVAC 0,5 mL"
SWISSMEDIC-688,VAC0061,"","VARIVAX"
SWISSMEDIC-657,VAC0534,"","MENJUGATE 10 µg"
SWISSMEDIC-558,VAC0049,"","HAVRIX 1440 U/1mL"
SWISSMEDIC-69465,VAC1058,"","SPIKEVAX XBB.1.5 0.1 mg/mL dose 50 µg MODERNA"
SWISSMEDIC-70042,VAC0047,"","FLUARIX"
SWISSMEDIC-69403,VAC0644,"","QDENGA"
SWISSMEDIC-57735,VAC0007,"","GARDASIL"
SWISSMEDIC-58158,VAC0121,"","PRIORIX-TETRA"
SWISSMEDIC-702,VAC0993,"","TD ADSORBED"
SWISSMEDIC-638,VAC0569,"","INFANRIX-IPV"
SWISSMEDIC-62502,VAC0141,"","MENVEO"
SWISSMEDIC-68462,VAC0521,"","FLUENZ TETRA"
SWISSMEDIC-58317,VAC0230,"","FLUAD"
SWISSMEDIC-69912-01,VAC1258,"","COMIRNATY JN.1 30 µg"
SWISSMEDIC-68087,VAC0562,"","INFLUVAC TETRA"
SWISSMEDIC-68221,VAC0594,"","MenQuadfi"
SWISSMEDIC-70490,VAC1267,"","VIMKUNYA"
SWISSMEDIC-57814,VAC0044,"","CERVARIX"
SWISSMEDIC-65730,VAC0495,"","BEXSERO"
SWISSMEDIC-686,VAC1497,"","TD-VIRELON"
SWISSMEDIC-417,VAC0935,"","VACCIN RABIQUE INACTIVE MERIEUX"
SWISSMEDIC-642,VAC1484,"","HEPRECOMB CHILDREN"
SWISSMEDIC-68710-03,VAC1022,"","COMIRNATY 3 µg INFANTS AND CHILDREN BIONTECH-PFIZER"
SWISSMEDIC-69173,VAC0966,"","JYNNEOS"
SWISSMEDIC-67704,VAC0649,"","EFLUELDA TETRA"
SWISSMEDIC-614,VAC0968,"","INFLEXAL V"
SWISSMEDIC-711-02,VAC0920,"","Diphtheria-tetanus Td vaccine, unspecified"
SWISSMEDIC-610,VAC1485,"","GEN H-B-Vax 5"
SWISSMEDIC-707,VAC0530,"","TETANOL PUR"
SWISSMEDIC-551,VAC1057,"","ENGERIX B JUNIOR"
SWISSMEDIC-545,VAC0010,"","HBVAXPRO 40 µg"
SWISSMEDIC-711-01,VAC0137,"","DT vaccine, unspecified"
SWISSMEDIC-640,VAC0014,"","INFANRIX HEXA"
SWISSMEDIC-685,VAC0028,"","RABIPUR"
SWISSMEDIC-68473,VAC0667,"","NUVAXOVID"
SWISSMEDIC-58271,VAC0169,"","OPTAFLU"
SWISSMEDIC-69009,VAC1017,"","SPIKEVAX BIVALENT ORIGINAL/OMICRON BA.1 (50 µg/50 µg)/mL MODERNA"
SWISSMEDIC-68235,VAC0666,"","JCOVDEN (former name: JANSSEN COVID-19 VACCINE)"
SWISSMEDIC-534,VAC0046,"","ENGERIX B 20 µg"
SWISSMEDIC-450,VAC0575,"","FSME-IMMUN"
SWISSMEDIC-619,VAC1045,"","INFANRIX-IPV/Hib"
SWISSMEDIC-615,VAC0053,"","PRIORIX"
SWISSMEDIC-68710-01,VAC0658,"","COMIRNATY 30 µg BIONTECH-PFIZER"
SWISSMEDIC-60129,VAC0123,"","PREVENAR 13"
SWISSMEDIC-669,VAC1488,"","POLIORIX"
SWISSMEDIC-69788,VAC1270,"","SPIKEVAX JN.1 0,1 mg/mL dose 50 µg"
SWISSMEDIC-627,VAC1483,"","ENCEPUR N"
SWISSMEDIC-699,VAC0174,"","PROQUAD"
SWISSMEDIC-612,VAC0037,"","TETRAVAC-ACELLULAIRE"
SWISSMEDIC-600,VAC0216,"","ANATOXAL DI TE"
SWISSMEDIC-70400,VAC1468,"","COMIRNATY LP.8.1 10 µg"
SWISSMEDIC-67482,VAC0595,"","FLUCELVAX TETRA"
SWISSMEDIC-68267,VAC1019,"","SPIKEVAX 0,1 mg/mL MODERNA"
SWISSMEDIC-528,VAC1486,"","GEN H-B-Vax 10"
SWISSMEDIC-628,VAC1477,"","ENCEPUR N CHILDREN"
SWISSMEDIC-592,VAC0057,"","TWINRIX 20 µg"
