ATC,NUVA,atc_name,NUVA label,Scraped at 2026-04-25
ATC-J07,VOID,VACCINES,,
ATC-J07A,VOID,BACTERIAL VACCINES,,
ATC-J07AC,VOID,Anthrax vaccines,,
ATC-J07AC01,VAC0804,anthrax antigen,"Anthrax vaccine, unspecified",
ATC-J07AD,VOID,Brucellosis vaccines,,
ATC-J07AD01,VAC0162,brucella antigen,"Brucellosis vaccine, unspecified",
ATC-J07AE,VOID,Cholera vaccines,,
ATC-J07AE01,VAC1107,"cholera, inactivated, whole cell","Whole inactivated Cholera vaccine, unspecified",
ATC-J07AE02,VAC0806,"cholera, live attenuated","Live attenuated cholera vaccine, unspecified",
ATC-J07AE51,VAC0807,"cholera, combinations with typhoid vaccine, inactivated, whole cell","Cholera-Typhoid inactivated vaccine, unspecified",
ATC-J07AF,VOID,Diphtheria vaccines,,
ATC-J07AF01,VAC0655,diphtheria toxoid,"Diphtheria vaccine, unspecified",
ATC-J07AG,VOID,Haemophilus influenzae B vaccines,,
ATC-J07AG01,VAC0143,"haemophilus influenzae B, purified antigen conjugated","Haemophilus influenzae B (or Hib) vaccine, unspecified",
ATC-J07AG51,VAC0775,"haemophilus influenzae B, combinations with toxoids","DTwPHib, unspecified",
ATC-J07AG52,VAC0800,"haemophilus influenzae B, combinations with pertussis and toxoids","Diphtheria-tetanus-pertussis-Hib vaccine, unspecified",
ATC-J07AG53,VAC0798,"haemophilus influenzae B, combinations with meningococcus C, conjugated","Hib-MeningoC vaccine, unspecified",
ATC-J07AG54,VAC0808,"haemophilus influenza B, combinations with meningococcus C,Y, conjugated","Hib-MenCY, unspecified",
ATC-J07AH,VOID,Meningococcal vaccines,,
ATC-J07AH01,VAC0865,"meningococcus A, purified polysaccharides antigen","Polysaccharide meningococcal A vaccine, unspecified",
ATC-J07AH02,VAC0809,other meningococcal monovalent purified polysaccharides antigen,"Meningococcal monovalent polysaccharide vaccine, unspecified",
ATC-J07AH03,VAC0151,"meningococcus A,C, bivalent purified polysaccharides antigen","Meningococcal A + C vaccine, unspecified",
ATC-J07AH04,VAC0152,"meningococcus A,C,Y,W-135, tetravalent purified polysaccharides antigen","Unconjugated meningococcal vaccine ACWY, unspecified",
ATC-J07AH05,VAC0810,other meningococcal polyvalent purified polysaccharides antigen,"Meningococcal polyvalent polysaccharide vaccine, unspecified",
ATC-J07AH06,VAC0149,"meningococcus B, outer membrane vesicle vaccine","Meningococcal B:14:P1.7,16 vaccine, unspecified",
ATC-J07AH07,VAC0150,"meningococcus C, purified polysaccharides antigen conjugated","Meningococcal conjugate vaccine C, unspecified",
ATC-J07AH08,VAC0643,"meningococcus A,C,Y,W-135, tetravalent purified polysaccharides antigen conjugated","Meningococcal ACWY conjugate vaccine, unspecified",
ATC-J07AH09,VAC0861,"meningococcus B, multicomponent vaccine","Multicomponent meningococcal B vaccine, unspecified",
ATC-J07AH10,VAC0866,"meningococcus A, purified polysaccharides antigen conjugated","Meningococcal conjugate vaccine A, unspecified",
ATC-J07AH11,VOID,"meningococcus A,B,C,Y,W-135, pentavalent purified polysaccharides antigen conjugated and factor H binding protein",,
ATC-J07AJ,VOID,Pertussis vaccines,,
ATC-J07AJ01,VAC0163,"pertussis, inactivated, whole cell","Whole-cell inactivated pertussis vaccine, unspecified",
ATC-J07AJ02,VAC0795,"pertussis, purified antigen","Acellular pertussis vaccine, unspecified",
ATC-J07AJ51,VAC0136,"pertussis, inactivated, whole cell, combinations with toxoids","DTwP - Diphtheria-Tetanus-Pertussis, unspecified",
ATC-J07AJ52,VAC0797,"pertussis, purified antigen, combinations with toxoids","Diph-T-aP/ap, unspecified",
ATC-J07AK,VOID,Plague vaccines,,
ATC-J07AK01,VAC0812,"plague, inactivated, whole cell","Inactivated whole plague vaccine, unspecified",
ATC-J07AL,VOID,Pneumococcal vaccines,,
ATC-J07AL01,VAC0813,"pneumococcus, purified polysaccharides antigen","Pneumococcal unconjugated polysaccharide vaccine, unspecified",
ATC-J07AL02,VAC0814,"pneumococcus, purified polysaccharides antigen conjugated","Pneumococcal conjugate vaccine, serotypes unspecified",
ATC-J07AL52,VAC0815,"pneumococcus purified polysaccharides antigen and haemophilus influenzae, conjugated","Pneumo-Hib, unspecified",
ATC-J07AM,VOID,Tetanus vaccines,,
ATC-J07AM01,VAC0132,tetanus toxoid,"Tetanus vaccine, unspecified",
ATC-J07AM51,VAC0382,"tetanus toxoid, combinations with diphtheria toxoid","Tetanus diphtheria vaccine, unspecified",
ATC-J07AM52,VOID,"tetanus toxoid, combinations with tetanus immunoglobulin",,
ATC-J07AN,VOID,Tuberculosis vaccines,,
ATC-J07AN01,VAC0134,"tuberculosis, live attenuated","BCG vaccine, unspecified",
ATC-J07AP,VOID,Typhoid vaccines,,
ATC-J07AP01,VAC0424,"typhoid, oral, live attenuated","Live attenuated oral typhoid vaccine, unspecified",
ATC-J07AP02,VAC0817,"typhoid, inactivated, whole cell","Inactivated Typhoid vaccine, unspecified",
ATC-J07AP03,VAC0713,"typhoid, purified polysaccharide antigen","Typhoid polysaccharide vaccine, unspecified",
ATC-J07AP10,VAC0818,"typhoid, combinations with paratyphi types","Typhoid-Paratyphoid vaccine, unspecified",
ATC-J07AR,VOID,Typhus (exanthematicus) vaccines,,
ATC-J07AR01,VAC0512,"typhus exanthematicus, inactivated, whole cell","Typhus vaccine, unspecified",
ATC-J07AX,VOID,Other bacterial vaccines,,
ATC-J07AX01,VOID,leptospira vaccines,,
ATC-J07B,VOID,VIRAL VACCINES,,
ATC-J07BA,VOID,Encephalitis vaccines,,
ATC-J07BA01,VAC0145,"encephalitis, tick borne, inactivated, whole virus","Tick-borne encephalitis vaccine, unspecified",
ATC-J07BA02,VAC0819,"encephalitis, Japanese, inactivated, whole virus","Inactivated Japanese Encephalitis vaccine, unspecified",
ATC-J07BA03,VAC0881,"encephalitis, Japanese, live attenuated","Live attenuated Japanese Encephalitis vaccine, unspecified",
ATC-J07BB,VOID,Influenza vaccines,,
ATC-J07BB01,VAC0820,"influenza, inactivated, whole virus","Inactivated whole influenza vaccine, unspecified",
ATC-J07BB02,VAC0821,"influenza, inactivated, split virus or surface antigen","Inactivated influenza vaccine, split or subunit, unspecified",
ATC-J07BB03,VAC0822,"influenza, live attenuated","Influenza vaccine, live attenuated, unspecified",
ATC-J07BB04,VAC0823,"influenza, virus like particles","VLP influenza vaccine, unspecified",
ATC-J07BB05,VOID,"influenza, RNA-based vaccine",,
ATC-J07BB55,VOID,"influenza and covid-19, RNA-based vaccine",,
ATC-J07BC,VOID,Hepatitis vaccines,,
ATC-J07BC01,VAC0101,"hepatitis B, purified antigen","Hepatitis B vaccine, recombinant, unspecified",
ATC-J07BC02,VAC0102,"hepatitis A, inactivated, whole virus","Inactivated hepatitis A vaccine, unspecified",
ATC-J07BC20,VAC0825,combinations,"Combined hepatitis A and hepatitis B vaccine, unspecified",
ATC-J07BD,VOID,Measles vaccines,,
ATC-J07BD01,VAC0114,"measles, live attenuated","Live attenuated measles vaccine, unspecified",
ATC-J07BD51,VAC0623,"measles, combinations with mumps, live attenuated","Measles-mumps vaccine, unspecified",
ATC-J07BD52,VAC0130,"measles, combinations with mumps and rubella, live attenuated","MMR Measles-Mumps-Rubella Vaccine, live attenuated, unspecified",
ATC-J07BD53,VAC0550,"measles, combinations with rubella, live attenuated","Measles-Rubella vaccine, unspecified",
ATC-J07BD54,VAC0827,"measles, combinations with mumps, rubella and varicella, live attenuated","MMRV - Measles-Mumps-Rubella-Varicella vaccine, unspecified",
ATC-J07BE,VOID,Mumps vaccines,,
ATC-J07BE01,VAC0153,"mumps, live attenuated","Mumps vaccine, unspecified",
ATC-J07BF,VOID,Poliomyelitis vaccines,,
ATC-J07BF01,VAC0802,"poliomyelitis oral, monovalent, live attenuated","Monovalent oral polio vaccine - type unknown, unspecified",
ATC-J07BF02,VAC0320,"poliomyelitis oral, trivalent, live attenuated","OPV 1-2-3, unspecified",
ATC-J07BF03,VAC0270,"poliomyelitis, trivalent, inactivated, whole virus","Inactivated Polio vaccine, unspecified",
ATC-J07BF04,VAC0600,"poliomyelitis oral, bivalent, live attenuated","OPV bivalent 1-3, unspecified",
ATC-J07BG,VOID,Rabies vaccines,,
ATC-J07BG01,VAC0131,"rabies, inactivated, whole virus","Rabies vaccine, unspecified",
ATC-J07BH,VOID,Rota virus diarrhea vaccines,,
ATC-J07BH01,VAC0158,"rota virus, live attenuated","Rotavirus vaccine, unspecified",
ATC-J07BH02,VAC0828,"rota virus, pentavalent, live, reassorted","Rotavirus pentavalent vaccine, unspecified",
ATC-J07BJ,VOID,Rubella vaccines,,
ATC-J07BJ01,VAC0113,"rubella, live attenuated","Rubella vaccine, live attenuated, unspecified",
ATC-J07BJ51,VAC0829,"rubella, combinations with mumps, live attenuated","Rubella-Mumps vaccine, unspecified",
ATC-J07BK,VOID,Varicella zoster vaccines,,
ATC-J07BK01,VAC0159,"varicella, live attenuated","Chickenpox vaccine, unspecified",
ATC-J07BK02,VAC0160,"zoster, live attenuated","Live attenuated shingles vaccine, unspecified",
ATC-J07BK03,VAC0830,"zoster, purified antigen","Subunit shingles vaccine, unspecified",
ATC-J07BL,VOID,Yellow fever vaccines,,
ATC-J07BL01,VAC0111,"yellow fever, live attenuated","Yellow fever vaccine, unspecified",
ATC-J07BM,VOID,Papillomavirus vaccines,,
ATC-J07BM01,VAC0859,"papillomavirus (human types 6, 11, 16, 18)","HPV vaccine quadrivalent, unspecified",
ATC-J07BM02,VAC0858,"papillomavirus (human types 16, 18)","HPV vaccine bivalent, unspecified",
ATC-J07BM03,VAC0860,"papillomavirus (human types 6, 11, 16, 18, 31, 33, 45, 52, 58)","HPV vaccine nonavalent, unspecified",
ATC-J07BN,VOID,Covid-19 vaccines,,
ATC-J07BN01,VAC1041,"covid-19, RNA-based vaccine","COVID-19 mRNA vaccine, unspecified",
ATC-J07BN02,VAC1042,"covid-19, viral vector, non-replicating","COVID-19 vaccine, non-replicating viral vector, unspecified",
ATC-J07BN03,VAC1044,"covid-19, inactivated virus","COVID-19 vaccine, whole virion inactivated, unspecified",
ATC-J07BN04,VAC1043,"covid-19, protein subunit","COVID-19 vaccine, protein subunit, unspecified",
ATC-J07BN05,VAC1106,"covid-19, virus-like particles","COVID-19 VLP vaccine, unspecified",
ATC-J07BP,VAC1277,Chikungunya vaccines,"Vaccine against chikungunya, unspecified",
ATC-J07BP01,VAC1198,"chikungunya, live attenuated","Chinkungunya vaccine, live attenuated, unspecified",
ATC-J07BP02,VAC1419,"chikungunya, virus-like particles","Chikungunya VLP vaccine (recombinant, adsorbed)",
ATC-J07BX,VOID,Other viral vaccines,,
ATC-J07BX01,VAC0133,smallpox and mpox vaccines,"Smallpox vaccine, unspecified",
ATC-J07BX02,VAC0831,ebola vaccines,"Ebola vaccine, unspecified",
ATC-J07BX04,VAC0155,dengue virus vaccines,"Dengue vaccine, unspecified",
ATC-J07BX05,VOID,respiratory syncytial virus vaccines,,
ATC-J07BX06,VOID,enterovirus 71 vaccines,,
ATC-J07C,VOID,"BACTERIAL AND VIRAL VACCINES, COMBINED",,
ATC-J07CA,VOID,"Bacterial and viral vaccines, combined",,
ATC-J07CA01,VAC0855,diphtheria-poliomyelitis-tetanus,"Diphtheria-Tetanus-Polio vaccine, unspecified",
ATC-J07CA02,VAC0585,diphtheria-pertussis-poliomyelitis-tetanus,"TdapIPV - Diphtheria-Tetanus-Pertussis-Polio vaccine, low dose, unspecified",
ATC-J07CA03,VAC0787,diphtheria-rubella-tetanus,"Diphtheria-Tetanus-Rubella, unspecified",
ATC-J07CA04,VOID,haemophilus influenzae B and poliomyelitis,,
ATC-J07CA05,VAC0857,diphtheria-hepatitis B-pertussis-tetanus,"Diphtheria-Tetanus-Pertussis-Hepatitis B vaccine, unspecified",
ATC-J07CA06,VAC0880,diphtheria-haemophilus influenzae B-pertussis-poliomyelitis-tetanus,"Pentavalent Diphtheria-Tetanus-Pertussis-Hib-Polio (DTPerHibIPV) vaccine, unspecified",
ATC-J07CA07,VAC0790,diphtheria-hepatitis B-tetanus,"Diphtheria-Tetanus-Hepatitis B vaccine, unspecified",
ATC-J07CA08,VAC0801,haemophilus influenzae B and hepatitis B,"HepB-Hib, unspecified",
ATC-J07CA09,VAC0552,diphtheria-haemophilus influenzae B-pertussis-poliomyelitis-tetanus-hepatitis B,"Hexavalent vaccine DTPCaHibHepB - Diphtheria-Tetanus-Polio-Acellular Pertussis-Hib-HepB, unspecified",
ATC-J07CA10,VAC0712,typhoid-hepatitis A,"Typhoid-hepatitis A vaccine, unspecified",
ATC-J07CA11,VAC0599,diphtheria-haemophilus influenzae B-pertussis-tetanus-hepatitis B,"DTPerHibHepB pentavalent vaccine, unspecified",
ATC-J07CA12,VAC0792,diphtheria-pertussis-poliomyelitis-tetanus-hepatitis B,"Diphtheria-Tetanus-Pertussis-Polio-Hepatitis B pentavalent vaccine, unspecified",
ATC-J07CA13,VOID,diphtheria-haemophilus influenzae B-pertussis-tetanus-hepatitis B-meningococcus A + C,,
ATC-J07X,VOID,OTHER VACCINES,,
ATC-J07XA,VOID,Parasitic vaccines,,
ATC-J07XA01,VOID,malaria vaccines,,
